iteration,GROUND_TRUTH_ORACLE_CEILING,HINDSIGHT_GRID_SCORE_POLICY_CEILING,PATIENT_ADAPTIVE_THRESHOLD_CEILING,FROZEN_MODEL_UTILITY,REALISTIC_ACHIEVABLE_UTILITY
1,0.8349867724867724,-0.41915233686067016,0.7868882275132276,-0.2787698412698413,-0.41915233686067016
2,0.8364435864435864,-0.361470398970399,0.7847597597597598,-0.28053946803946805,-0.361470398970399
3,0.8263214670981661,-0.44450377562028043,0.7803128371089536,-0.2843959007551241,-0.44450377562028043
4,0.8246980133772586,-0.3892083458121194,0.7772886093640811,-0.28375761205949884,-0.3892083458121194
5,0.8163908589440505,-0.3758696386355961,0.7724980299448384,-0.24066756726331195,-0.3758696386355961
6,0.830078125,-0.38550889756944445,0.7736111111111111,-0.24002278645833336,-0.38550889756944445
7,0.8361137341307312,-0.36078061063896755,0.7911079634875668,-0.24299653761410134,-0.36078061063896755
8,0.8395406579764121,-0.39576350093109863,0.7906062487068073,-0.2528088144009932,-0.39576350093109863
9,0.8290129104401748,-0.37467723899562877,0.7872928738436514,-0.24665548439564908,-0.37467723899562877
10,0.8120243531202436,-0.3540987171124157,0.7695205479452054,-0.24894542291802566,-0.3540987171124157
11,0.8078383092233508,-0.3752334051503026,0.7558787319175131,-0.2372935262131938,-0.3752334051503026
12,0.8283317199096483,-0.3394213187049586,0.7793374206733354,-0.21834462729912874,-0.3394213187049586
13,0.8428290766208252,-0.4305937568216546,0.788004802444881,-0.2976970093865968,-0.4305937568216546
14,0.823268921095008,-0.4190418679549114,0.7643115942028985,-0.2544585346215781,-0.4190418679549114
15,0.8332790268274138,-0.40311176278918215,0.786852394916911,-0.300276963180189,-0.40311176278918215
16,0.8293650793650793,-0.3678780284043442,0.7737677527151211,-0.2857142857142857,-0.3678780284043442
17,0.8466019417475728,-0.38710355987055006,0.7953667745415318,-0.2551186623516721,-0.38710355987055006
18,0.8148848943550929,-0.3897771470619153,0.7702196993587722,-0.2790760012614317,-0.3897771470619153
19,0.8238851095993952,-0.443850556095454,0.7753590325018896,-0.27799373717741066,-0.443850556095454
20,0.8266008839551854,-0.3669493267550622,0.7829221913865761,-0.24511255010792474,-0.3669493267550622
21,0.814143245693563,-0.38517679057116955,0.7699808602800442,-0.23528256270776668,-0.38517679057116955
22,0.8224328593996841,-0.4210005265929437,0.7766771985255397,-0.27246972090573984,-0.4210005265929437
23,0.8100881191127317,-0.38148485769269724,0.7655271953813431,-0.2744910361592221,-0.38148485769269724
24,0.816794674859191,-0.34918586789554534,0.7678955453149002,-0.2482488479262673,-0.34918586789554534
25,0.822771440642163,-0.3947877059569075,0.7784167722855935,-0.2273764258555133,-0.3947877059569075
26,0.8376980278047204,-0.39743506843409854,0.7886733484211661,-0.2529044078025649,-0.39743506843409854
27,0.8240654447550999,-0.3643885264574919,0.7783576680128403,-0.2691726208967588,-0.3643885264574919
28,0.8251711427066878,-0.36716166403370193,0.7623222748815166,-0.23526592943654556,-0.36716166403370193
29,0.8300841589432194,-0.40871417918397784,0.7720890593373815,-0.291877064024715,-0.40871417918397784
30,0.8412848867825172,-0.45773038441284886,0.7936334913112164,-0.305028962611901,-0.45773038441284886
31,0.8293230670516523,-0.4102235055074323,0.776831354935301,-0.2562399743342958,-0.4102235055074323
32,0.8212470173254488,-0.37891378773731715,0.7812532420375558,-0.25955493308434485,-0.37891378773731715
33,0.8190869611269992,-0.40267450481940475,0.7693305793877766,-0.2960173710412033,-0.40267450481940475
34,0.8360071301247772,-0.3470241632006338,0.7848237274707863,-0.24514755397108337,-0.3470241632006338
35,0.8277670734318132,-0.3574930421751231,0.7780560907728539,-0.24710447441661312,-0.3574930421751231
36,0.8374429223744292,-0.38916793505834596,0.794074074074074,-0.25110096397767634,-0.38916793505834596
37,0.8196196196196197,-0.3655005005005005,0.7761411411411411,-0.26413913913913917,-0.3655005005005005
38,0.8284223449969305,-0.38257110701862085,0.7852516881522406,-0.24427051360753022,-0.38257110701862085
39,0.8237583205325141,-0.324905273937532,0.7765130568356374,-0.21100358422939067,-0.324905273937532
40,0.8260432378079435,-0.3011161387631976,0.7746254399195576,-0.21096530920060333,-0.3011161387631976
41,0.822310405643739,-0.3984733245149912,0.7668375220458553,-0.2731701940035273,-0.3984733245149912
42,0.8133713561470215,-0.35502746092099696,0.7691170257710181,-0.20584072665821712,-0.35502746092099696
43,0.8213015275162168,-0.34053149194392135,0.7767419962335216,-0.22731219920485457,-0.34053149194392135
44,0.8245158498323054,-0.3423888347938981,0.7739424429297846,-0.24810126582278483,-0.3423888347938981
45,0.8221002338111213,-0.3722527193249974,0.7734675205855444,-0.24812951102978548,-0.3722527193249974
46,0.8281580059146598,-0.39811470215462613,0.7841677228559358,-0.2468472750316857,-0.39811470215462613
47,0.8270055770055771,-0.4049924924924925,0.781166881166881,-0.24794079794079796,-0.4049924924924925
48,0.832985800814219,-0.3345348028994142,0.7836411478502631,-0.22630324694667858,-0.3345348028994142
49,0.8403514411228972,-0.39619629272474016,0.7974016929176042,-0.2573824065145184,-0.39619629272474016
50,0.8265455304928988,-0.41080304928989136,0.7834325396825397,-0.3015403091060986,-0.41080304928989136
51,0.8486821705426356,-0.42801033591731263,0.7965426356589147,-0.29798966408268734,-0.42801033591731263
52,0.8093642088157627,-0.3449421084704449,0.7558653260207191,-0.21680885638838104,-0.3449421084704449
53,0.8171511028653886,-0.3877035662749948,0.7693362193362193,-0.23630179344465058,-0.3877035662749948
54,0.8181235991034261,-0.3918667947486391,0.7728306115914185,-0.29646707225957947,-0.3918667947486391
55,0.8217418546365914,-0.39931077694235584,0.7753393901420217,-0.25619256474519636,-0.39931077694235584
56,0.8343489742027219,-0.43228722323786306,0.7930784074751167,-0.26964249441397525,-0.43228722323786306
57,0.8255911278510148,-0.426412429378531,0.7799748901443816,-0.26943921322452397,-0.426412429378531
58,0.8178982467462622,-0.43008497364741316,0.7786436484887598,-0.29261051952242656,-0.43008497364741316
59,0.8256426804345488,-0.3580778745831989,0.778272561041196,-0.25139830052705175,-0.3580778745831989
60,0.8119888290444843,-0.3862706961899062,0.7663325354079393,-0.2486784360662278,-0.3862706961899062
61,0.8340820604971547,-0.4044124987521214,0.7862234201856843,-0.219486872317061,-0.4044124987521214
62,0.8372068343415048,-0.37592592592592594,0.7927995330574126,-0.22662633980685556,-0.37592592592592594
63,0.8336038082873526,-0.4230877420750839,0.7844422806448123,-0.27631180352699336,-0.4230877420750839
64,0.8199705387205386,-0.37901409932659924,0.7724221380471381,-0.26696127946127945,-0.37901409932659924
65,0.8262188742414731,-0.35447269303201506,0.7805555555555554,-0.24981167608286248,-0.35447269303201506
66,0.8410033167495854,-0.4337686567164179,0.7935012437810945,-0.2548818407960199,-0.4337686567164179
67,0.8318602693602695,-0.3614478114478114,0.7889888468013468,-0.23191287878787878,-0.3614478114478114
68,0.8192673547864805,-0.29025500910746804,0.7737350738716859,-0.1808186601902449,-0.29025500910746804
69,0.8379450879450879,-0.40175353925353924,0.7872372372372373,-0.26868296868296865,-0.40175353925353924
70,0.8071413955391855,-0.3370165745856354,0.761975649682832,-0.23991712707182322,-0.3370165745856354
71,0.8389165284687673,-0.40242675511332227,0.790906578220011,-0.27604201216141516,-0.40242675511332227
72,0.8411959445478998,-0.42613283674736185,0.7875698324022345,-0.2643182288433685,-0.42613283674736185
73,0.82940202772605,-0.35738671632526375,0.7840575212083593,-0.23902855369335818,-0.35738671632526375
74,0.8050087489063867,-0.3726979440069991,0.7559656605424322,-0.26166885389326333,-0.3726979440069991
75,0.8315938247445096,-0.39161230702326594,0.7850130463144162,-0.25233746466623175,-0.39161230702326594
76,0.8259532595325952,-0.381339688396884,0.7792742927429275,-0.22375461254612547,-0.381339688396884
77,0.8416772285593578,-0.4635667511618081,0.791624419095902,-0.30033798056611744,-0.4635667511618081
78,0.8471086890705419,-0.39087193460490466,0.7932283782420022,-0.291891210011101,-0.39087193460490466
79,0.8340971585701191,-0.3709288114879315,0.78401059170995,-0.24862002240554024,-0.3709288114879315
80,0.8172348484848485,-0.36731376262626264,0.7705281986531987,-0.2460753367003367,-0.36731376262626264
81,0.8386674718196457,-0.3705012077294686,0.7927334943639291,-0.25506239935587766,-0.3705012077294686
82,0.829813284358739,-0.3311498826650342,0.7763238445056626,-0.23243036424854607,-0.3311498826650342
83,0.8392549526270456,-0.372588285960379,0.7964631782945737,-0.2742786391042205,-0.372588285960379
84,0.8188520273828331,-0.344333859926277,0.7679410215903107,-0.22240652975250128,-0.344333859926277
85,0.8294498381877022,-0.4015857605177994,0.7805825242718447,-0.2584573894282632,-0.4015857605177994
86,0.8325995807127883,-0.46770964360587003,0.7894182389937107,-0.33304507337526207,-0.46770964360587003
87,0.8122817827069213,-0.36873074553296364,0.760731156294927,-0.25617683302526184,-0.36873074553296364
88,0.8196785960761116,-0.37609188602977417,0.7754165434289657,-0.2624174307404121,-0.37609188602977417
89,0.822488234090444,-0.3821618579905873,0.7720994475138122,-0.2635256803765091,-0.3821618579905873
90,0.8218257901112211,-0.3831406232793745,0.7790441581323644,-0.25059464816650145,-0.3831406232793745
91,0.8345040442741591,-0.40571519795657723,0.7831630481055768,-0.2391922094508301,-0.40571519795657723
92,0.8370586329770002,-0.4446819997840406,0.7916585681891803,-0.30858978512039736,-0.4446819997840406
93,0.8416299096828398,-0.42473745011552194,0.7875656374711196,-0.28339109430791853,-0.42473745011552194
94,0.8303872053872055,-0.3573179713804714,0.7870475589225588,-0.23581123737373738,-0.3573179713804714
95,0.8309957226698498,-0.3975778374614543,0.7824181836267781,-0.28747637521137964,-0.3975778374614543
96,0.836267961951022,-0.3859087229305808,0.7890356203197733,-0.2598107670512042,-0.3859087229305808
97,0.8300227601903579,-0.39129422718808193,0.7782122905027933,-0.272899855162425,-0.39129422718808193
98,0.814954051796157,-0.3936246867167919,0.7670791562238931,-0.2706871345029239,-0.3936246867167919
99,0.8099024597116201,-0.3642440627650551,0.7608142493638678,-0.2681297709923664,-0.3642440627650551
100,0.8324819071945508,-0.39819604086845456,0.7791666666666666,-0.2795817369093231,-0.39819604086845456
101,0.8291574162173591,-0.40827783063748807,0.7875568241886034,-0.2629347711174543,-0.40827783063748807
102,0.8147444021968736,-0.416254752851711,0.7653358681875793,-0.288429446556823,-0.416254752851711
103,0.8258198968959086,-0.35986618405177145,0.7787320390479325,-0.2850718438082703,-0.35986618405177145
104,0.8332791327913279,-0.4097127371273712,0.7785420054200541,-0.2794254742547425,-0.4097127371273712
105,0.8198373983739836,-0.36626558265582654,0.763371273712737,-0.2755067750677506,-0.36626558265582654
106,0.8385299474981248,-0.41772741883638703,0.7946533804778741,-0.3037287045965928,-0.41772741883638703
107,0.8187512836311357,-0.40254672417334153,0.7707486136783734,-0.27062025056479766,-0.40254672417334153
108,0.8349443924747947,-0.4130183972560025,0.7839205903752208,-0.2623687766344454,-0.4130183972560025
109,0.8282382912012541,-0.4056829316088575,0.7774495394865766,-0.2499951009210268,-0.4056829316088575
110,0.8213325056900476,-0.39718601282847094,0.7634647217049452,-0.2509828264018208,-0.39718601282847094
111,0.8332258757790671,-0.4420535138620244,0.7723672899204814,-0.26776273372018056,-0.4420535138620244
112,0.8486422157308233,-0.43902953586497884,0.8056042410472791,-0.29481769988099105,-0.43902953586497884
113,0.8106185002736727,-0.3321237000547345,0.7593924466338259,-0.21606458675424192,-0.3321237000547345
114,0.8078018847249616,-0.365790050405435,0.7554843304843305,-0.23149243918474685,-0.365790050405435
115,0.8179297597042514,-0.3665742452248922,0.7737831176833025,-0.22914356130622304,-0.3665742452248922
116,0.822367737241451,-0.36956657312129715,0.7775802931088245,-0.2366282091258705,-0.36956657312129715
117,0.8353117313656294,-0.3624959897337183,0.7829323067051652,-0.24319324136455994,-0.3624959897337183
118,0.8508853681267474,-0.42905664284974626,0.8047685616651133,-0.31619550585067824,-0.42905664284974626
119,0.8224460724460724,-0.36964794464794465,0.7712657712657712,-0.2480514855514856,-0.36964794464794465
120,0.8412548525862974,-0.377289896128423,0.7862868534256636,-0.26882803483370055,-0.377289896128423
121,0.8323952470293933,-0.42552637064832183,0.7884771732332708,-0.25328330206378985,-0.42552637064832183
122,0.8239458294859956,-0.37798296911870316,0.7747563352826511,-0.22404329537293524,-0.37798296911870316
123,0.8234511008704557,-0.3790015360983103,0.770716845878136,-0.2743010752688172,-0.3790015360983103
124,0.8249921309411395,-0.36646731717553244,0.7799916063372153,-0.2450739691532893,-0.36646731717553244
125,0.8277461522243305,-0.46402593295382666,0.7800021083702297,-0.32365591397849464,-0.46402593295382666
126,0.8356191612005565,-0.40645994832041343,0.7891125024845955,-0.2442158616577221,-0.40645994832041343
127,0.8215643951074109,-0.36816219549799567,0.7750642409291808,-0.24983554322129714,-0.36816219549799567
128,0.8176807760141093,-0.3552689594356261,0.7717757936507937,-0.2673004850088183,-0.3552689594356261
129,0.822305063684374,-0.40319975147561354,0.7790255773014393,-0.23247903075489282,-0.40319975147561354
130,0.8070402764280314,-0.4158460209480618,0.7574398013173523,-0.26066839434186373,-0.4158460209480618
131,0.8238914971309338,-0.3410798122065728,0.771997913406364,-0.19868544600938967,-0.3410798122065728
132,0.8210922787193973,-0.3686806863360535,0.7764752040175769,-0.2448577108181628,-0.3686806863360535
133,0.8289012574726861,-0.4419294990723562,0.7785044320758607,-0.2707482993197279,-0.4419294990723562
134,0.8278662917838174,-0.3768509840674789,0.7787722586691659,-0.23935228574403833,-0.3768509840674789
135,0.8304425522968568,-0.3987070324818669,0.7808893093661305,-0.24405550299590037,-0.3987070324818669
136,0.8272428768138967,-0.4113547293718886,0.777783073826925,-0.27015676305476116,-0.4113547293718886
137,0.8208971434777885,-0.39340175953079176,0.7765830346475506,-0.2990442054958184,-0.39340175953079176
138,0.8337858220211161,-0.4025490196078431,0.7773303167420814,-0.27154851684263454,-0.4025490196078431
139,0.8177422537990922,-0.33601736727846854,0.7647276494967437,-0.20618709295441087,-0.33601736727846854
140,0.8212606837606837,-0.34714743589743585,0.7777777777777778,-0.21778846153846154,-0.34714743589743585
141,0.8264530704456767,-0.3708204970219757,0.7797853768741013,-0.2641610186896693,-0.3708204970219757
142,0.8283510125361621,-0.3713811207543126,0.7776867030965391,-0.24883745848066,-0.3713811207543126
143,0.8284768918774683,-0.3753602305475504,0.7802433557476786,-0.2627868502508272,-0.3753602305475504
144,0.8331794398276392,-0.4230583769364933,0.783282035498102,-0.25969016107520265,-0.4230583769364933
145,0.8215040135192228,-0.3828580481622307,0.7733417828474862,-0.27115019011406843,-0.3828580481622307
146,0.8266301035953686,-0.4271480804387568,0.7825512898639041,-0.2884267722933171,-0.4271480804387568
147,0.8395522388059702,-0.4310841625207297,0.7934286898839138,-0.2891117330016583,-0.4310841625207297
148,0.8101105845181674,-0.3659662980516061,0.7665086887835704,-0.2227646129541864,-0.3659662980516061
149,0.8028094634558512,-0.3914026193493874,0.7554446556822982,-0.2710656949725391,-0.3914026193493874
150,0.8261095520216194,-0.3581904167965908,0.7760731732668122,-0.24204344662716976,-0.3581904167965908
151,0.8240119313944817,-0.41509001811015234,0.7676627250452753,-0.2692713326941515,-0.41509001811015234
152,0.8361237950279046,-0.4053069507864029,0.7886960933536277,-0.26808219178082193,-0.4053069507864029
153,0.8176740474765609,-0.35024436465190506,0.7707111510073807,-0.21850688210652303,-0.35024436465190506
154,0.8444237147595356,-0.39933146766169153,0.7996527777777779,-0.2631737147595357,-0.39933146766169153
155,0.8333864965443913,-0.4267410951621478,0.7838437001594897,-0.29945241892610314,-0.4267410951621478
156,0.8405843463425038,-0.4487150778417573,0.7901578161654937,-0.29485497973981656,-0.4487150778417573
157,0.8204254440313921,-0.41921210243700946,0.7723099958694754,-0.2842317224287485,-0.41921210243700946
158,0.8265273820829375,-0.3629787907565686,0.7703492666455629,-0.25476944180647887,-0.3629787907565686
159,0.8196347031963471,-0.4086540552293977,0.77647314633616,-0.3018971515546858,-0.4086540552293977
160,0.8295252999478351,-0.3809494001043297,0.7796713615023474,-0.2666510172143975,-0.3809494001043297
161,0.8312559923298178,-0.3699158410567806,0.786156386491957,-0.2608873974645787,-0.3699158410567806
162,0.821074595722483,-0.3469692227438706,0.7734585289514867,-0.22349504434011477,-0.3469692227438706
163,0.8399076583358427,-0.4030864197530864,0.7899427883167721,-0.2506423767941383,-0.4030864197530864
164,0.8228199380937133,-0.3136620770626534,0.7753815775429608,-0.18232468780019212,-0.3136620770626534
165,0.8233723557198603,-0.3418977202711028,0.768972068186486,-0.2434894228794414,-0.3418977202711028
166,0.8260432378079438,-0.36481146304675716,0.7798491704374056,-0.22495223730517852,-0.36481146304675716
167,0.8176350662589195,-0.3572222222222222,0.7719266055045872,-0.23024974515800203,-0.3572222222222222
168,0.8273953301127214,-0.399597423510467,0.7811694847020935,-0.24531501610305959,-0.399597423510467
169,0.8183068783068782,-0.3305238095238095,0.7689523809523809,-0.23485185185185184,-0.3305238095238095
170,0.8255911278510148,-0.3740636116342331,0.7830299225779452,-0.24322033898305082,-0.3740636116342331
171,0.8155887230514096,-0.3604311774461028,0.7672968490878939,-0.2545494748479823,-0.3604311774461028
172,0.822627037392138,-0.4030254607435816,0.7863002024075849,-0.2777085330776606,-0.4030254607435816
173,0.8297508287883648,-0.41272591166720135,0.7811677895412255,-0.25469468506042137,-0.41272591166720135
174,0.8227988467509426,-0.40029385673098244,0.7719671767575959,-0.28487469505433577,-0.40029385673098244
175,0.8315481986368062,-0.3654873958671427,0.7920588553499947,-0.22287136211186845,-0.3654873958671427
176,0.8372093023255814,-0.38287575366063736,0.7914028854435831,-0.26301141257536603,-0.38287575366063736
177,0.8219569431690643,-0.41576369758187937,0.7727476788082849,-0.26395265789205186,-0.41576369758187937
178,0.8427969010493283,-0.3383200941453368,0.7974011964303226,-0.2466362655683044,-0.3383200941453368
179,0.8276803118908381,-0.36389863547758283,0.7874366471734892,-0.23530701754385966,-0.36389863547758283
180,0.846411383134547,-0.4233783218246495,0.7884180790960451,-0.280743879472693,-0.4233783218246495
181,0.8192872117400419,-0.40190775681341717,0.7783542976939203,-0.25405136268343814,-0.40190775681341717
182,0.8305685967657798,-0.3735524256651017,0.7813875847678664,-0.2621335419926969,-0.3735524256651017
183,0.838983898389839,-0.4144114411441144,0.7967346734673467,-0.25263026302630265,-0.4144114411441144
184,0.8130370370370371,-0.3849827160493827,0.765204938271605,-0.25957037037037034,-0.3849827160493827
185,0.817445861161708,-0.40382513661202185,0.7712811171827564,-0.2348613640963368,-0.40382513661202185
186,0.8253814743176445,-0.39026971846120784,0.7755319148936168,-0.2612185686653772,-0.39026971846120784
187,0.8240558829949792,-0.35992687186203887,0.7752783235101507,-0.22794149748963105,-0.35992687186203887
188,0.8259367238959076,-0.4491631573264226,0.7790735341755749,-0.33444552424144264,-0.4491631573264226
189,0.8362003678459374,-0.3906415665909337,0.779157200043276,-0.2725413826679649,-0.3906415665909337
190,0.8383744855967077,-0.4309927983539094,0.7896244855967078,-0.27643004115226333,-0.4309927983539094
191,0.8251933251933252,-0.354583842083842,0.7827228327228327,-0.25824175824175827,-0.354583842083842
192,0.8235743103260277,-0.33137607676371167,0.7845436702649656,-0.23848544324501147,-0.33137607676371167
193,0.8194697429670107,-0.398264521351953,0.7768720906699049,-0.26245193280712403,-0.398264521351953
194,0.8186650311765307,-0.379868138607789,0.7747674537462946,-0.22641827660226924,-0.379868138607789
195,0.8200858728662687,-0.3582888260550843,0.7724473766886585,-0.21517436380772853,-0.3582888260550843
196,0.8272190596668774,-0.3669671094244149,0.7753636938646425,-0.26974488720219275,-0.3669671094244149
197,0.8184870422830762,-0.3742471933690064,0.7788322316650929,-0.23382646102192842,-0.3742471933690064
198,0.8351119481062984,-0.4401025319104414,0.7805555555555556,-0.29602950408035156,-0.4401025319104414
199,0.8066149870801034,-0.3574108527131783,0.7522015503875968,-0.22656847545219636,-0.3574108527131783
200,0.821743388834476,-0.3683915551202525,0.7691478942213515,-0.25353683752312545,-0.3683915551202525
201,0.8332256675279931,-0.42678725236864773,0.7755813953488372,-0.3092969422911283,-0.42678725236864773
202,0.8199706314243759,-0.3533480176211453,0.7775917767988252,-0.2142437591776799,-0.3533480176211453
203,0.8400084095448334,-0.4248817407757805,0.7900925049931672,-0.2880637023021129,-0.4248817407757805
204,0.823560654344593,-0.39263331208837904,0.7829881028255788,-0.24083280220947523,-0.39263331208837904
205,0.8324708269913749,-0.4034449518011162,0.7809893455098935,-0.21618975139523083,-0.4034449518011162
206,0.821070400158872,-0.3778224605302353,0.7684539767649687,-0.21782345348028997,-0.3778224605302353
207,0.8172318191512048,-0.40672318191512047,0.7622254211985499,-0.2698869695030923,-0.40672318191512047
208,0.8204801359677077,-0.39089653707244526,0.7695134905459953,-0.2676545570427024,-0.39089653707244526
209,0.8194314276788502,-0.42651254816203266,0.7787201916067895,-0.26819223159429345,-0.42651254816203266
210,0.8356290174471993,-0.3618865421895725,0.7794765840220386,-0.26459034792368125,-0.3618865421895725
211,0.8318903318903318,-0.36179138321995463,0.7904091939806226,-0.24217687074829933,-0.36179138321995463
212,0.8261296660117878,-0.3890253219821,0.7877155642872735,-0.2335025103689151,-0.3890253219821
213,0.8231884057971014,-0.38718196457326887,0.7777831454643048,-0.23184111647879763,-0.38718196457326887
214,0.8418803418803418,-0.3977350427350427,0.7934348290598291,-0.25377136752136753,-0.3977350427350427
215,0.8283016910467891,-0.40092333229588134,0.7816267247639797,-0.25739184562713974,-0.40092333229588134
216,0.8292002147074611,-0.4286097691894793,0.7798819108964036,-0.24570048309178746,-0.4286097691894793
217,0.8267234786408827,-0.3771714192068174,0.7781273899268,-0.25885502021195234,-0.3771714192068174
218,0.8341013824884793,-0.4479774705581157,0.7870455709165387,-0.2703686635944701,-0.4479774705581157
219,0.8194444444444444,-0.3469146825396825,0.7689136904761905,-0.23161706349206349,-0.3469146825396825
220,0.8231061774077499,-0.380671189228081,0.7792219138657622,-0.28082536745811487,-0.380671189228081
221,0.825,-0.41300213675213676,0.781255341880342,-0.2550160256410256,-0.41300213675213676
222,0.8333333333333333,-0.4395107033639143,0.7863149847094801,-0.31924566768603463,-0.4395107033639143
223,0.8302358113509192,-0.33029576338928857,0.7833333333333333,-0.2067496003197442,-0.33029576338928857
224,0.8311883311883311,-0.36530459030459034,0.7762012012012012,-0.2150525525525526,-0.36530459030459034
225,0.8281315022888056,-0.41034644194756553,0.7842904702455264,-0.2942883895131086,-0.41034644194756553
226,0.8209813874788495,-0.35989283699943597,0.7771065989847715,-0.2228821206993796,-0.35989283699943597
227,0.8471128608923885,-0.4008584864391951,0.7887248468941382,-0.3021434820647419,-0.4008584864391951
228,0.8167427701674276,-0.4311364789446981,0.7739827498731608,-0.3154236428209031,-0.4311364789446981
229,0.8253496310978967,-0.3754267151194802,0.779049664133906,-0.27832287193040417,-0.3754267151194802
230,0.8216722680517363,-0.33231999185253075,0.7793563499338018,-0.22259395050412464,-0.33231999185253075
231,0.8281283195241129,-0.3842362438920756,0.784746122795836,-0.22092628000849798,-0.3842362438920756
232,0.839471493965876,-0.3893674573449854,0.7889669163545568,-0.27377756970453593,-0.3893674573449854
233,0.829265681866838,-0.3972008135302933,0.782284307428816,-0.29158638407193316,-0.3972008135302933
234,0.8354392298435619,-0.43966105094263946,0.7851634576815082,-0.29883172884075415,-0.43966105094263946
235,0.8423524388942256,-0.4134752908528124,0.7909755576902551,-0.26158608175899245,-0.4134752908528124
236,0.8310402334792579,-0.39787367104440274,0.7870075046904316,-0.2489941630185533,-0.39787367104440274
237,0.823125064122294,-0.37113983789884064,0.7706114701959575,-0.28099928183030676,-0.37113983789884064
238,0.8452193947010158,-0.38654832966802805,0.7938632317520159,-0.24979055398471042,-0.38654832966802805
239,0.8342293906810035,-0.4048934687375547,0.7835225009956193,-0.24515133412982876,-0.4048934687375547
240,0.8288748622382527,-0.4076695721871556,0.7770363691012925,-0.2504207995190863,-0.4076695721871556
241,0.8289473684210527,-0.3689849624060151,0.777156432748538,-0.27279657477025904,-0.3689849624060151
242,0.8131123618928496,-0.38445382530748384,0.7658067542213883,-0.24455909943714826,-0.38445382530748384
243,0.8263520157325468,-0.38452802359882005,0.7768043264503441,-0.22980334316617504,-0.38452802359882005
244,0.8331204767986378,-0.42824074074074064,0.788372711792252,-0.30821626223925075,-0.42824074074074064
245,0.8216233557908246,-0.38722596513741847,0.7688642925890279,-0.2439739065340605,-0.38722596513741847
246,0.8188495758328159,-0.35606765983860955,0.7699203393337472,-0.24198220566935652,-0.35606765983860955
247,0.8198653198653199,-0.3655934343434343,0.7667455808080808,-0.24099326599326595,-0.3655934343434343
248,0.8385987534923705,-0.4008972705781216,0.7934128519234902,-0.2518536428110896,-0.4008972705781216
249,0.8274640760979559,-0.45319267354786474,0.7806263914187411,-0.28338899008297913,-0.45319267354786474
250,0.8267943569148388,-0.38888888888888884,0.7850942230460302,-0.2725465966429822,-0.38888888888888884
251,0.8256172839506174,-0.3833847736625514,0.7817386831275721,-0.24719135802469133,-0.3833847736625514
252,0.8310408740610672,-0.38078724026924204,0.7835381913959614,-0.21441322797775828,-0.38078724026924204
253,0.8185880250223414,-0.3711647304140602,0.7777330950253202,-0.2203306523681859,-0.3711647304140602
254,0.8266998341625207,-0.3735592868988391,0.7751036484245439,-0.27415526533996676,-0.3735592868988391
255,0.8199912510936133,-0.3720199037620297,0.7723206474190726,-0.25810367454068245,-0.3720199037620297
256,0.8312835067801955,-0.36265110900872494,0.7871912120256491,-0.24923262903395352,-0.36265110900872494
257,0.8296498133010394,-0.41021293773337364,0.7800585326470885,-0.2568372186900797,-0.41021293773337364
258,0.8239013266998341,-0.4081364013266998,0.774948175787728,-0.22840485074626865,-0.4081364013266998
259,0.8284436121514773,-0.39013212650853096,0.7788701622971285,-0.27205056179775283,-0.39013212650853096
260,0.8274582560296846,-0.3837920016491445,0.7817511853226139,-0.2058956916099773,-0.3837920016491445
261,0.8200021765153988,-0.36573076504516266,0.7753455218195668,-0.25991402764174554,-0.36573076504516266
262,0.8348063973063973,-0.4329703282828283,0.7905092592592592,-0.2556344696969697,-0.4329703282828283
263,0.8409979913310075,-0.40373189554921235,0.7953377735490009,-0.2717411988582302,-0.40373189554921235
264,0.8331224963103521,-0.41704617330803284,0.7860056925996204,-0.28476702508960566,-0.41704617330803284
265,0.8186807497152325,-0.3479910945428187,0.7757585171378274,-0.26576058817438125,-0.3479910945428187
266,0.828544061302682,-0.4070668369518944,0.7799169859514687,-0.30423052362707537,-0.4070668369518944
267,0.8352528243939892,-0.4287594603487989,0.783163321267961,-0.30478227487111986,-0.4287594603487989
268,0.8160258350994046,-0.4532495710969826,0.771591482490665,-0.3075840145322434,-0.4532495710969826
269,0.815687506545188,-0.32593988899361187,0.7625458163158446,-0.2318724473766887,-0.32593988899361187
270,0.8156401526875063,-0.3727638502011761,0.770045393582998,-0.24032807180439497,-0.3727638502011761
271,0.8172279928653866,-0.37393767705382436,0.7681827720071346,-0.23782918896233343,-0.37393767705382436
272,0.8195211786372008,-0.36805811336198074,0.7666359729895642,-0.25056783302639657,-0.36805811336198074
273,0.8402980239714933,-0.39630709426627797,0.7850934024403412,-0.25887053233992013,-0.39630709426627797
274,0.8177243787225302,-0.3982439926062846,0.7735674676524954,-0.2294413637297186,-0.3982439926062846
275,0.8235058162855997,-0.427286401925391,0.7689279983955074,-0.2847272362615323,-0.427286401925391
276,0.8375738056897477,-0.38947396672034346,0.7946967257112185,-0.27490069779924853,-0.38947396672034346
277,0.8314958927799395,-0.3844682230869001,0.7779561175961953,-0.2529182879377432,-0.3844682230869001
278,0.8202582986444659,-0.39393745330344754,0.7770893371757925,-0.2812893585227879,-0.39393745330344754
279,0.8293166405842461,-0.3414293166405843,0.779660928534168,-0.24046426708398538,-0.3414293166405843
280,0.8006666666666666,-0.34072222222222215,0.7576777777777778,-0.2579888888888889,-0.34072222222222215
281,0.8164205675987014,-0.3797413341711174,0.7669965441407477,-0.2405958739134988,-0.3797413341711174
282,0.8322274881516588,-0.38629278567667186,0.7812006319115323,-0.2637651395471301,-0.38629278567667186
283,0.8396522090789608,-0.4046254170457992,0.7962339500556062,-0.26198058841370947,-0.4046254170457992
284,0.8290155440414507,-0.3696171560161197,0.7834436768374593,-0.2447466896948762,-0.3696171560161197
285,0.8165660630449362,-0.3661636485580147,0.7743740219092332,-0.26003241672255756,-0.3661636485580147
286,0.8333333333333334,-0.3814504448582661,0.792830540037244,-0.2681564245810056,-0.3814504448582661
287,0.8168631006346329,-0.38337362748060844,0.7732446862093281,-0.27388435579732046,-0.38337362748060844
288,0.8146750524109014,-0.34737421383647804,0.767033542976939,-0.21070754716981133,-0.34737421383647804
289,0.8285934744268078,-0.4400573192239859,0.7787863756613757,-0.29611992945326276,-0.4400573192239859
290,0.8310907237512742,-0.39067278287461765,0.7744444444444444,-0.2948521916411825,-0.39067278287461765
291,0.8217699660807893,-0.42060335080686606,0.7787131257066502,-0.29454722993113375,-0.42060335080686606
292,0.8257001314326154,-0.38115458497624105,0.7756647457284399,-0.25201193003740774,-0.38115458497624105
293,0.8329832983298329,-0.4100760076007601,0.7805430543054306,-0.2784228422842284,-0.4100760076007601
294,0.8332804736230046,-0.4957130774923353,0.7823871445184482,-0.29075483666349505,-0.4957130774923353
295,0.8366197183098592,-0.37395409494001036,0.782488262910798,-0.25788732394366193,-0.37395409494001036
296,0.8297258297258296,-0.3517316017316017,0.7849979385693672,-0.25801381158524017,-0.3517316017316017
297,0.8304787000439173,-0.3758069828722002,0.7796552481335091,-0.27947408871321916,-0.3758069828722002
298,0.8246890153911026,-0.3846247100990934,0.7771505376344086,-0.23654859793379718,-0.3846247100990934
299,0.8358058330810374,-0.38842466444646284,0.7755777575941063,-0.24718437783832878,-0.38842466444646284
300,0.8317757009345794,-0.378546209761163,0.7874922118380062,-0.2388473520249221,-0.378546209761163
301,0.8274582560296845,-0.3612347969490826,0.7792259327973614,-0.23059678416821275,-0.3612347969490826
302,0.8272946859903381,-0.36219303542673104,0.7771235909822867,-0.2563405797101449,-0.36219303542673104
303,0.8194308145240432,-0.3451041325918657,0.7707447388507251,-0.27988223748773305,-0.3451041325918657
304,0.8302350427350428,-0.40877136752136745,0.7805128205128204,-0.2889102564102564,-0.40877136752136745
305,0.8227767114523352,-0.39019513755598206,0.7800277244615056,-0.2795158882490936,-0.39019513755598206
306,0.8286252354048964,-0.4050016616816218,0.7767087626010856,-0.2792455965437023,-0.4050016616816218
307,0.8366133661336613,-0.40873308733087327,0.7956744567445674,-0.2611931119311193,-0.40873308733087327
308,0.816359423793694,-0.36789060139014806,0.7732597965145562,-0.24033444142238336,-0.36789060139014806
309,0.8273809523809523,-0.3973475355054302,0.7860327903091061,-0.2738460735171262,-0.3973475355054302
310,0.8205048624043036,-0.39546348024001654,0.7756155596937719,-0.25906786674943094,-0.39546348024001654
311,0.8172474046664611,-0.41252955082742315,0.7689022510021584,-0.2873933600575599,-0.41252955082742315
312,0.8235538909696212,-0.369834581772784,0.7826154806491884,-0.2096650020807324,-0.369834581772784
313,0.831758034026465,-0.3893142197017433,0.7876128964503256,-0.22631274942239024,-0.3893142197017433
314,0.8236573168080018,-0.3617797347249402,0.7810991519895629,-0.21576973255055448,-0.3617797347249402
315,0.8305084745762712,-0.3353850728516206,0.789726434730895,-0.21560610565962932,-0.3353850728516206
316,0.8368583060272068,-0.37208817396484956,0.7885066031178631,-0.21557442160659318,-0.37208817396484956
317,0.8283721387169662,-0.4333431574810885,0.784310836034974,-0.27837213871696626,-0.4333431574810885
318,0.8274909708944125,-0.36704907584448687,0.7814053537284894,-0.26117484597408114,-0.36704907584448687
319,0.8337463857909955,-0.42298636926889716,0.7873812474184221,-0.28015799256505575,-0.42298636926889716
320,0.8212331649831649,-0.39715382996633,0.7695338804713804,-0.2544981060606061,-0.39715382996633
321,0.8096436058700209,-0.33636792452830183,0.7612316561844864,-0.24087526205450735,-0.33636792452830183
322,0.8311926605504587,-0.3891386340468909,0.7832364933741081,-0.2773241590214068,-0.3891386340468909
323,0.8266711833785004,-0.35790989159891595,0.779928861788618,-0.23676038843721772,-0.35790989159891595
324,0.8296152602651147,-0.4456730251104644,0.7853809677767002,-0.274733268671193,-0.4456730251104644
325,0.8217726396917148,-0.3098854634981802,0.7759633911368015,-0.1953596660244059,-0.3098854634981802
326,0.8263636363636364,-0.38851010101010097,0.7816161616161617,-0.23124242424242422,-0.38851010101010097
327,0.812978267523722,-0.32940006121824306,0.769314355677992,-0.24205183144577083,-0.32940006121824306
328,0.8248705694942254,-0.34566407805655114,0.7727996814018319,-0.24628634010354444,-0.34566407805655114
329,0.8319431572443621,-0.3822108948614973,0.7798578931109051,-0.2530738337967254,-0.3822108948614973
330,0.8277674706246135,-0.4347917955060812,0.7710472067614924,-0.24206864564007421,-0.4347917955060812
331,0.8349855431639819,-0.41050702189178023,0.7880111524163569,-0.2649111937216026,-0.41050702189178023
332,0.8300899769826323,-0.3876700146474158,0.7827788240217619,-0.23946955430006278,-0.3876700146474158
333,0.8309317963496637,-0.39145052833813637,0.7766677340164372,-0.23902764435905646,-0.39145052833813637
334,0.8234071302359421,-0.39114437168693483,0.7752832345909988,-0.2787028375428749,-0.39114437168693483
335,0.8320320320320321,-0.4321071071071071,0.7875425425425425,-0.2652702702702703,-0.4321071071071071
336,0.8357943240129857,-0.45053408733898836,0.7784165881244108,-0.2987537962090271,-0.45053408733898836
337,0.8310944496511508,-0.37626783296886396,0.7880922628345308,-0.2549984379881287,-0.37626783296886396
338,0.8386167146974063,-0.4663197779912477,0.7896894012167787,-0.3375120076849183,-0.4663197779912477
339,0.8215831787260358,-0.3580653473510616,0.7749587713873428,-0.23201917130488559,-0.3580653473510616
340,0.8254118140803693,-0.37392193893610326,0.7738012800335746,-0.22757318224740322,-0.37392193893610326
341,0.8361402393814215,-0.41765702785721853,0.7885499417434594,-0.2778148501218092,-0.41765702785721853
342,0.8321556579621096,-0.4552636968766001,0.786799795186892,-0.2999846390168971,-0.4552636968766001
343,0.828121742755889,-0.4327913279132791,0.7754898895142798,-0.28823222847613095,-0.4327913279132791
344,0.8049426301853486,-0.34404236540158867,0.7564528782975385,-0.20298617240364814,-0.34404236540158867
345,0.8411491339247994,-0.4351341360371778,0.7844845796366708,-0.28528728348119986,-0.4351341360371778
346,0.8267942583732057,-0.3779160021265284,0.7816161616161617,-0.24284423179160022,-0.3779160021265284
347,0.8209759188846641,-0.3336079425433037,0.7709811998310098,-0.23799112801013939,-0.3336079425433037
348,0.8093800322061192,-0.37426529790660223,0.7574124396135267,-0.2518820450885668,-0.37426529790660223
349,0.8338554720133667,-0.3787228487886382,0.7859335839598998,-0.27974101921470335,-0.3787228487886382
350,0.825089605734767,-0.3770404505888377,0.7751868919610855,-0.2724935995903738,-0.3770404505888377
351,0.8121898597626753,-0.3540345199568501,0.7633872707659115,-0.22855447680690397,-0.3540345199568501
352,0.8295566502463054,-0.42476190476190473,0.7851231527093597,-0.3114723590585659,-0.42476190476190473
353,0.8198019801980198,-0.3842134213421342,0.7761496149614961,-0.23558305830583057,-0.3842134213421342
354,0.8259055759055759,-0.3343152218152218,0.7795685795685795,-0.23415242165242164,-0.3343152218152218
355,0.8270139575777558,-0.46632596988680075,0.7825640180239587,-0.31461149576876585,-0.46632596988680075
356,0.8256549232158987,-0.3811101073973702,0.7772859580447656,-0.24498644986449863,-0.3811101073973702
357,0.8242107421074211,-0.38078618286182864,0.7810680606806067,-0.21791205412054118,-0.38078618286182864
358,0.833234830575256,-0.36969562647754134,0.7844267139479905,-0.20780634357762018,-0.36969562647754134
359,0.8217699660807893,-0.37776235995477436,0.7665433240826395,-0.2544763079453181,-0.37776235995477436
360,0.821840906683614,-0.3816915580976591,0.7743883063234827,-0.27464781273170213,-0.3816915580976591
361,0.8318490245971162,-0.39741306191687864,0.7861747243426632,-0.24813401187446987,-0.39741306191687864
362,0.8292002147074611,-0.37637681159420283,0.7760118089103596,-0.2774771873322598,-0.37637681159420283
363,0.8384130039567961,-0.4398994759918725,0.7910972088546678,-0.3048764837985242,-0.4398994759918725
364,0.8348779272546089,-0.43027404085700055,0.7904384653712008,-0.2569805680119581,-0.43027404085700055
365,0.8317039840218647,-0.39600546620414173,0.7776411226742352,-0.28791127930200777,-0.39600546620414173
366,0.808837656099904,-0.3982869036183157,0.7626427580318069,-0.28095848009392677,-0.3982869036183157
367,0.828141225337487,-0.4085981308411215,0.7711630321910695,-0.25388888888888883,-0.4085981308411215
368,0.8197904310003954,-0.34751383946223796,0.785740411229735,-0.1905397390272835,-0.34751383946223796
369,0.8283838383838383,-0.42352525252525247,0.7765808080808081,-0.2618030303030303,-0.42352525252525247
370,0.8147804576376004,-0.3992733457019171,0.7710317460317461,-0.24037827252112967,-0.3992733457019171
371,0.8217548332271086,-0.3654716379859783,0.780114722753346,-0.2751540259188443,-0.3654716379859783
372,0.8343175853018372,-0.4115594925634295,0.7893919510061241,-0.2535979877515311,-0.4115594925634295
373,0.8312128922815946,-0.4350296861747243,0.7860474978795589,-0.2984202714164546,-0.4350296861747243
374,0.8247391037446287,-0.32458051974626556,0.7710916717822796,-0.2212502557806425,-0.32458051974626556
375,0.8331192464140441,-0.401878612716763,0.7784949689573967,-0.2500107043459644,-0.401878612716763
376,0.8320093210464993,-0.40064611799597494,0.7852610952229636,-0.2927655968647389,-0.40064611799597494
377,0.8394024276377218,-0.39890030086108513,0.7943925718435523,-0.2788671023965142,-0.39890030086108513
378,0.8172417431676691,-0.41649783686820724,0.7709876543209876,-0.28259470296507333,-0.41649783686820724
379,0.8278152791171114,-0.3818439944283724,0.7771563270116789,-0.26588449587485263,-0.3818439944283724
380,0.8257201646090535,-0.4297479423868312,0.7781430041152263,-0.26681069958847736,-0.4297479423868312
381,0.826388888888889,-0.3934753316749585,0.7796434494195689,-0.24201388888888886,-0.3934753316749585
382,0.8353472836231456,-0.3812457019353571,0.7853030749582474,-0.27956086059534335,-0.3812457019353571
383,0.8422161999397773,-0.3932500250928435,0.8034879052494228,-0.26333935561577837,-0.3932500250928435
384,0.8389343021495609,-0.3940811383590675,0.7921182763144616,-0.26542537087496215,-0.3940811383590675
385,0.826597791957865,-0.3957712954522435,0.7812822850197508,-0.24639927073837736,-0.3957712954522435
386,0.8337558090409801,-0.38948563582594,0.776679340937896,-0.23959653569919728,-0.38948563582594
387,0.8242542153047989,-0.41654236921746646,0.7725897103329009,-0.30030804150453955,-0.41654236921746646
388,0.8388938984069731,-0.38531209297665564,0.7876114617773771,-0.26906121631099084,-0.38531209297665564
389,0.8344505382896608,-0.39621673776152755,0.7812512695510867,-0.276244160065001,-0.39621673776152755
390,0.82250656167979,-0.444417104111986,0.7822779965004375,-0.3158245844269466,-0.444417104111986
391,0.8342696629213483,-0.3849042863087807,0.7849146899708697,-0.26954848106533497,-0.3849042863087807
392,0.8218246495082654,-0.3304509311571458,0.7633029922577945,-0.22137476459510358,-0.3304509311571458
393,0.8388289368505195,-0.40713928856914466,0.7833333333333333,-0.24711730615507596,-0.40713928856914466
394,0.8093203093203093,-0.37416056166056166,0.7621591371591371,-0.2343864468864469,-0.37416056166056166
395,0.8260869565217391,-0.3630434782608696,0.7736500268384325,-0.27374664519592057,-0.3630434782608696
396,0.8291889623334382,-0.3718969677893191,0.7821005141118456,-0.24480117511278982,-0.3718969677893191
397,0.8166198063105279,-0.3559825054670416,0.7664323648859731,-0.2366916588566073,-0.3559825054670416
398,0.8310573142975377,-0.38183840264845853,0.7759362714669976,-0.24918270225532793,-0.38183840264845853
399,0.8320340920902192,-0.4351678619686103,0.7807920174618023,-0.2893358278765201,-0.4351678619686103
400,0.807810486668649,-0.327881851521459,0.753558330855387,-0.19258598473585092,-0.327881851521459
401,0.8209643605870021,-0.3714308176100629,0.7780555555555555,-0.23573899371069182,-0.3714308176100629
402,0.8256977356503422,-0.3818378093733544,0.7756398104265403,-0.2542654028436019,-0.3818378093733544
403,0.8325139298590626,-0.4157598601551404,0.78195127280673,-0.2625915000546269,-0.4157598601551404
404,0.8315235274761434,-0.38867500274213007,0.7891356805966875,-0.26077108698036633,-0.38867500274213007
405,0.8368223295759527,-0.4292860976918948,0.7862748255501879,-0.2853837895866882,-0.4292860976918948
406,0.8263689526847421,-0.3586815523657629,0.7716108452950559,-0.25509303561935137,-0.3586815523657629
407,0.8222662702345557,-0.3866534522629666,0.7766820834709833,-0.25589142164959805,-0.3866534522629666
408,0.8311783874697782,-0.4340691685062546,0.7856144223693892,-0.32522863450015765,-0.4340691685062546
409,0.8130609718353451,-0.3861807489941194,0.7691168884762198,-0.2554008047044259,-0.3861807489941194
410,0.8446701549194623,-0.4086744639376218,0.7988098902226326,-0.23742690058479532,-0.4086744639376218
411,0.8080216802168021,-0.2708075880758808,0.7604498644986448,-0.23346883468834687,-0.2708075880758808
412,0.8262291730553,-0.4613922109782276,0.7845292854952468,-0.2508688541347235,-0.4613922109782276
413,0.8184232026143791,-0.328329248366013,0.7694138071895426,-0.22256944444444446,-0.328329248366013
414,0.8301691046789086,-0.40226164539890025,0.7702718124286752,-0.24986513123768025,-0.40226164539890025
415,0.8191556395715186,-0.3824774207099349,0.7723219911783238,-0.2615154379332073,-0.3824774207099349
416,0.8237988707787365,-0.4018269947800149,0.7744327261105785,-0.27134867369766696,-0.4018269947800149
417,0.8287037037037037,-0.3792613636363636,0.7755313552188551,-0.25220959595959597,-0.3792613636363636
418,0.8400782617650087,-0.4458861085367109,0.7900988569663269,-0.29697765420656985,-0.4458861085367109
419,0.8280766852195424,-0.39826839826839827,0.7839156874871159,-0.2549628942486086,-0.39826839826839827
420,0.8176691729323309,-0.3771616541353383,0.7695958646616542,-0.24776524644945697,-0.3771616541353383
421,0.8272709202941761,-0.3583979328165374,0.7793331345656928,-0.2445885509838998,-0.3583979328165374
422,0.8041844403818809,-0.3448760918139346,0.764239284988828,-0.2173217550274223,-0.3448760918139346
423,0.8212326556953855,-0.36457997203398945,0.7743411853286005,-0.28580724965042487,-0.36457997203398945
424,0.8359940400170286,-0.4458439761600681,0.7883833546189868,-0.3114303959131545,-0.4458439761600681
425,0.8374554993442008,-0.4132049840734495,0.7876990818812065,-0.23451377178189994,-0.4132049840734495
426,0.8321058810972355,-0.4133472088803501,0.7826555662290532,-0.25427473583093185,-0.4133472088803501
427,0.8247117641057035,-0.4331241710029588,0.7737067646158555,-0.2812825221916131,-0.4331241710029588
428,0.8272450532724505,-0.4209175907806045,0.7814796694933681,-0.2920308762774516,-0.4209175907806045
429,0.8110152338340259,-0.3638063279002876,0.7681527644614893,-0.22794289975498028,-0.3638063279002876
430,0.8220293581913639,-0.3900139290688953,0.7782813671916854,-0.26238079931426117,-0.3900139290688953
431,0.8170418336930826,-0.3630948710042141,0.7692157467365608,-0.25927639017370746,-0.3630948710042141
432,0.8138309087075691,-0.2884092346616066,0.76904385410078,-0.18261121652962262,-0.2884092346616066
433,0.8261700095510984,-0.3933832112915207,0.772795288124801,-0.28166189111747847,-0.3933832112915207
434,0.832773194826357,-0.3772940217944801,0.7807414196965067,-0.24224971993074648,-0.3772940217944801
435,0.8145756457564576,-0.3401342763427634,0.7660926609266093,-0.24392681426814264,-0.3401342763427634
436,0.8311193491916384,-0.345237359695191,0.7811244979919678,-0.22444650396457627,-0.345237359695191
437,0.8235171261487051,-0.3676796157059315,0.7726764828738513,-0.2713972431077694,-0.3676796157059315
438,0.8310516820545474,-0.38701581237397853,0.7843627294916693,-0.27116629523506314,-0.38701581237397853
439,0.8275505989260635,-0.40368649318463445,0.7754182156133829,-0.2749380421313507,-0.40368649318463445
440,0.8239032390323903,-0.4085332103321033,0.7746617466174662,-0.28453772037720376,-0.4085332103321033
441,0.8220961982776727,-0.357104599873976,0.7740495694181894,-0.2669607225372821,-0.357104599873976
442,0.8301452911048395,-0.3828838716421031,0.7869917424479983,-0.2580223685585868,-0.3828838716421031
443,0.8266623972675846,-0.3431155939801473,0.7779965844807343,-0.22067990180382113,-0.3431155939801473
444,0.837806908031627,-0.4808156471077819,0.7843320848938827,-0.2958697461506451,-0.4808156471077819
445,0.838054457619675,-0.37200812472551603,0.7970520421607377,-0.2669466403162055,-0.37200812472551603
446,0.8204493918779632,-0.3670841063698206,0.7747010925582354,-0.23956916099773246,-0.3670841063698206
447,0.8301452911048396,-0.3855388313996028,0.7866781645238842,-0.23796383401275217,-0.3855388313996028
448,0.8105177000204624,-0.3591006752608963,0.7658072437077962,-0.23500102312257007,-0.3591006752608963
449,0.8214953271028037,-0.3905970924195223,0.7687538940809968,-0.2369833852544133,-0.3905970924195223
450,0.8229233057148927,-0.405311238580837,0.7794826853622264,-0.30259188442744844,-0.405311238580837
451,0.8466625966625967,-0.4357346357346357,0.8028286528286528,-0.2776149776149776,-0.4357346357346357
452,0.8278784027115772,-0.3355841542209511,0.7825601101578222,-0.2235250503124669,-0.3355841542209511
453,0.8187134502923977,-0.413185479421825,0.7761392474897938,-0.2868034867041819,-0.413185479421825
454,0.8335453774385071,-0.47072201017811705,0.7776293469041561,-0.2702131043256997,-0.47072201017811705
455,0.8403540903540905,-0.3946886446886447,0.7884259259259259,-0.2637159137159137,-0.3946886446886447
456,0.8328338328338328,-0.35552225552225547,0.7863858363858364,-0.21059496059496058,-0.35552225552225547
457,0.8154962690381272,-0.35842277420014307,0.7657364816518449,-0.2286159664724522,-0.35842277420014307
458,0.8310817886689705,-0.3472510210493245,0.7864174259084721,-0.22174049638705626,-0.3472510210493245
459,0.821074595722483,-0.37250391236306735,0.7731977047470004,-0.2625560772039645,-0.37250391236306735
460,0.8253670727897531,-0.33321357908986776,0.7834530875767988,-0.23346870769551178,-0.33321357908986776
461,0.8247824782478247,-0.3903890389038904,0.7720372037203721,-0.2213871387138714,-0.3903890389038904
462,0.8246038954485821,-0.35122111212029467,0.7755575739226965,-0.1882026440609547,-0.35122111212029467
463,0.8231725811343645,-0.397452229299363,0.7784399959559194,-0.26092407238904053,-0.397452229299363
464,0.8228142509779046,-0.3971508616132784,0.7685854741516016,-0.2657627656200444,-0.3971508616132784
465,0.8103112840466926,-0.3869595763078253,0.7605544747081713,-0.2837116299178556,-0.3869595763078253
466,0.8179012345679013,-0.3792464878671775,0.7652245636441039,-0.2672520221370796,-0.3792464878671775
467,0.8274426162908795,-0.37641681901279705,0.7810379849685151,-0.2702975827747308,-0.37641681901279705
468,0.8282335069444444,-0.38460286458333337,0.7847439236111111,-0.24671223958333333,-0.38460286458333337
469,0.8299398875315106,-0.4253635834787667,0.7840411091719992,-0.2642912546053907,-0.4253635834787667
470,0.8113787293091486,-0.3548815541679056,0.7611458023590048,-0.23368024581227076,-0.3548815541679056
471,0.8429467719085205,-0.430150779194495,0.7941307427646225,-0.30899109492005666,-0.430150779194495
472,0.8232968369829683,-0.3889902676399027,0.7729318734793187,-0.259073398215734,-0.3889902676399027
473,0.8219306466729147,-0.38149015932521085,0.7764969280433197,-0.24258044361137143,-0.38149015932521085
474,0.8251783893985728,-0.3629561671763506,0.7811518858307849,-0.22561162079510702,-0.3629561671763506
475,0.818647433887321,-0.3973816243336469,0.7735549283997073,-0.23278457196613359,-0.3973816243336469
476,0.8317120622568094,-0.3703361435365326,0.7821606139213143,-0.24797341115434496,-0.3703361435365326
477,0.8301211163770404,-0.439362822538178,0.7775776724591891,-0.29274354923644025,-0.439362822538178
478,0.8306115914185078,-0.43189774789198426,0.779981855053901,-0.2878962536023055,-0.43189774789198426
479,0.8153060222025739,-0.3603055309951861,0.7721338048924256,-0.21965320758424206,-0.3603055309951861
480,0.8261876006441223,-0.4454458534621578,0.7811644524959742,-0.3192028985507246,-0.4454458534621578
481,0.8161772614821985,-0.38962030762611594,0.7733731311175648,-0.2798322039367538,-0.38962030762611594
482,0.8240049751243781,-0.42440920398009946,0.7760883084577115,-0.29077010779436147,-0.42440920398009946
483,0.831864185439112,-0.3654369354663184,0.7873707693981935,-0.20781369028185875,-0.3654369354663184
484,0.8306826787839445,-0.3634534242129179,0.7793681705074109,-0.2475549064156659,-0.3634534242129179
485,0.8351515151515151,-0.4141666666666666,0.786979797979798,-0.2686717171717172,-0.4141666666666666
486,0.8382399493510604,-0.42243853540149834,0.7901445605149309,-0.29645985016355386,-0.42243853540149834
487,0.8198499594484996,-0.4130778588807786,0.768978102189781,-0.25828264395782646,-0.4130778588807786
488,0.8288429406850459,-0.3729323308270676,0.7872389306599833,-0.24239243943191313,-0.3729323308270676
489,0.8346104725415071,-0.40942422307364834,0.7863984674329502,-0.2832428693060877,-0.40942422307364834
490,0.8268277571251549,-0.3818205287071458,0.779460966542751,-0.2433756712102437,-0.3818205287071458
491,0.8265709529754472,-0.3949490220557636,0.7745006242197253,-0.2724927174365377,-0.3949490220557636
492,0.8221373235699884,-0.335784781916587,0.7775708373129576,-0.24745834659874777,-0.335784781916587
493,0.8254679410593388,-0.428768418956591,0.779231381919554,-0.2835673038630028,-0.428768418956591
494,0.8299382716049382,-0.39219650205761314,0.7858539094650205,-0.2574485596707819,-0.39219650205761314
495,0.8223520502001515,-0.3532997944390349,0.7750784377366656,-0.2245212593313859,-0.3532997944390349
496,0.8140853476574156,-0.3633840644583706,0.7679846811896947,-0.23201034517059585,-0.3633840644583706
497,0.8221381267738883,-0.4354409755072007,0.7811573636076947,-0.27543887312099236,-0.4354409755072007
498,0.8273092369477912,-0.32949747708783855,0.7784059314179795,-0.21844300278035217,-0.32949747708783855
499,0.8285538082022817,-0.3868999897214514,0.7690050364888477,-0.2598982423681776,-0.3868999897214514
500,0.8268618080446037,-0.3626941457586619,0.7794305057745918,-0.24926324173636,-0.3626941457586619
501,0.8319006685768864,-0.43199087339488484,0.7852753900031837,-0.3039265626658177,-0.43199087339488484
502,0.8404298459042985,-0.42423965936739655,0.7892893349553932,-0.2642690592051906,-0.42423965936739655
503,0.8250636132315521,-0.3096586089906701,0.7839853689567429,-0.2185220525869381,-0.3096586089906701
504,0.8327194597912829,-0.3605995498260691,0.7862287702066707,-0.2475291589932474,-0.3605995498260691
505,0.8242794385513769,-0.3733151183970856,0.7780456444873031,-0.257135969141755,-0.3733151183970856
506,0.8229826784959865,-0.39223700887198987,0.7762515842839037,-0.23963350232361638,-0.39223700887198987
507,0.8231757877280266,-0.34389510779436155,0.7717868988391376,-0.23093905472636816,-0.34389510779436155
508,0.8153520701118162,-0.35253349450992244,0.7669487256975924,-0.207726402740002,-0.35253349450992244
509,0.8229397488656748,-0.438994407512926,0.7757201646090535,-0.33359185396222435,-0.438994407512926
510,0.8211891416639191,-0.38549291130893504,0.7646114957687657,-0.2686339158149247,-0.38549291130893504
511,0.8129368805425143,-0.3737141366718832,0.7693844548774126,-0.21561815336463222,-0.3737141366718832
512,0.8298974521619621,-0.4192832223279417,0.7867216407654086,-0.2602600697748176,-0.4192832223279417
513,0.8372069317023445,-0.3896992864424057,0.7866004077471968,-0.2659582059123344,-0.3896992864424057
514,0.8322140822140822,-0.3696225071225071,0.7825295075295075,-0.2590862840862841,-0.3696225071225071
515,0.8193770880482811,-0.39092574630886945,0.7768240112081043,-0.26798146351977586,-0.39092574630886945
516,0.8227757277572775,-0.38445059450594504,0.7667230422304223,-0.2527982779827798,-0.38445059450594504
517,0.8334409991386735,-0.4070574935400517,0.7795650301464254,-0.3039567183462532,-0.4070574935400517
518,0.8334383532871246,-0.3485874816215081,0.7883480361268641,-0.23238290275152276,-0.3485874816215081
519,0.8275398303331265,-0.36996172149803436,0.7771777363956135,-0.24807055659010963,-0.36996172149803436
520,0.8212149826880705,-0.33798657013954464,0.7733920889728254,-0.251474137026545,-0.33798657013954464
521,0.832563865804863,-0.42690571457884474,0.7791833384631169,-0.2590899764029958,-0.42690571457884474
522,0.8276602269242564,-0.4226822038229582,0.777839108657876,-0.25519779208831644,-0.4226822038229582
523,0.8257861635220125,-0.373087002096436,0.7688364779874214,-0.25154088050314466,-0.373087002096436
524,0.8242770892913885,-0.3580129223599195,0.7796313949793453,-0.2280002118419659,-0.3580129223599195
525,0.8191380718954248,-0.3735089869281046,0.7714613970588236,-0.24738051470588232,-0.3735089869281046
526,0.8309783772211516,-0.4392688931706273,0.7872564761293085,-0.3026332691072575,-0.4392688931706273
527,0.8234750462107208,-0.40181762168823165,0.7784041897720271,-0.2721349353049907,-0.40181762168823165
528,0.8162393162393162,-0.3829700854700855,0.7723878205128205,-0.2201816239316239,-0.3829700854700855
529,0.8277347114556416,-0.3958925495262704,0.7845176571920759,-0.27628122308354863,-0.3958925495262704
530,0.8272205993724981,-0.41102455912582486,0.7819430920696743,-0.27960077896786756,-0.41102455912582486
531,0.8301440329218107,-0.4036522633744856,0.7852469135802469,-0.2635648148148148,-0.4036522633744856
532,0.8302441000709003,-0.3931631722880583,0.7761723893446774,-0.21887977311860632,-0.3931631722880583
533,0.8381043256997455,-0.3556615776081425,0.7907813825275657,-0.24672921967769293,-0.3556615776081425
534,0.8120387940122286,-0.4485821210204512,0.7650274088129875,-0.29114484503478805,-0.4485821210204512
535,0.816866429111327,-0.34724651765468084,0.7732102364755425,-0.25905409782960803,-0.34724651765468084
536,0.8381771451166469,-0.3840104784499802,0.7901591538157374,-0.23669434559114277,-0.3840104784499802
537,0.8032921810699588,-0.398858024691358,0.7587499999999999,-0.28866255144032926,-0.398858024691358
538,0.8357314148681054,-0.41284972022382094,0.7935151878497202,-0.25257294164668265,-0.41284972022382094
539,0.8341292581980261,-0.4217765042979943,0.785630903109413,-0.2650005306165764,-0.4217765042979943
540,0.8226159230096238,-0.39654965004374454,0.7763560804899388,-0.27989938757655297,-0.39654965004374454
541,0.8103520978283787,-0.35043221589711154,0.7619386464263124,-0.2601043643263757,-0.35043221589711154
542,0.825674019607843,-0.36134089052287577,0.7765625,-0.2316636029411765,-0.36134089052287577
543,0.8220858895705522,-0.38650793650793647,0.7699970785860356,-0.22583503749147923,-0.38650793650793647
544,0.8344206275240758,-0.3766801284042663,0.7833747540644093,-0.25610955783369577,-0.3766801284042663
545,0.8239803741183684,-0.4038127363794337,0.7789072881529183,-0.2540478380864765,-0.4038127363794337
546,0.8342201356285862,-0.4316953573291601,0.7914971309337505,-0.28132498695878977,-0.4316953573291601
547,0.8080808080808081,-0.343001443001443,0.7608669108669108,-0.23554778554778555,-0.343001443001443
548,0.8329100529100529,-0.34658201058201055,0.7822222222222222,-0.2341851851851852,-0.34658201058201055
549,0.8168226309562224,-0.3267182962245886,0.772948262880499,-0.21614499300849735,-0.3267182962245886
550,0.8167678704591457,-0.3874773623095771,0.7733141578779162,-0.2378448918717375,-0.3874773623095771
551,0.8323173992086407,-0.39985563041385946,0.7831889637471928,-0.2686985349160518,-0.39985563041385946
552,0.8237731038878267,-0.3697790524750372,0.7697684299978755,-0.2263596770766943,-0.3697790524750372
553,0.8114573497009757,-0.39521561221277934,0.766923722589445,-0.25230301122652393,-0.39521561221277934
554,0.814469320066335,-0.3670242537313433,0.769485903814262,-0.23323486733001658,-0.3670242537313433
555,0.8233644859813084,-0.3667808930425753,0.7836604361370716,-0.21408618899273105,-0.3667808930425753
556,0.8257160268129189,-0.37586329473898034,0.780078204346943,-0.2347501523461304,-0.37586329473898034
557,0.8330367734282325,-0.44362890470541716,0.7866399762752075,-0.2697113483590352,-0.44362890470541716
558,0.8298406461471294,-0.40314341846758345,0.7826948264571054,-0.2533125955031652,-0.40314341846758345
559,0.8100553041729512,-0.3676520864756158,0.7660331825037707,-0.2434188034188034,-0.3676520864756158
560,0.8158295281582953,-0.38432267884322674,0.7630571863448575,-0.23365949119373775,-0.38432267884322674
561,0.826553137811416,-0.36906864290970254,0.7787501313991381,-0.22896562598549355,-0.36906864290970254
562,0.8006102693602692,-0.36357849326599323,0.7555871212121211,-0.2568076599326599,-0.36357849326599323
563,0.8346369835539511,-0.3489871640593662,0.7902326514239871,-0.21912855996791014,-0.3489871640593662
564,0.8400127226463103,-0.43004134860050885,0.7913592027141645,-0.31918999151823585,-0.43004134860050885
565,0.8294238683127572,-0.38920781893004114,0.7790689300411522,-0.2524074074074074,-0.38920781893004114
566,0.8200494783263418,-0.37547058190814236,0.7680434548779176,-0.25302248037001185,-0.37547058190814236
567,0.8244400527009222,-0.43679732103645147,0.7703282828282829,-0.29902283706631533,-0.43679732103645147
568,0.8167401806343205,-0.4056920814954841,0.7642039487502625,-0.2702583490863264,-0.4056920814954841
569,0.8293906810035843,-0.36100870455709166,0.7805427547363032,-0.24783410138248846,-0.36100870455709166
570,0.8306878306878307,-0.43611370474115574,0.7758792405851229,-0.23975516132378877,-0.43611370474115574
571,0.8168402777777778,-0.3656684027777778,0.7675401475694444,-0.24076605902777776,-0.3656684027777778
572,0.8334318360914106,-0.40507289204097713,0.7870419621749409,-0.2659623719464145,-0.40507289204097713
573,0.823037524824919,-0.3665255566008153,0.7775687258283683,-0.2581843838193791,-0.3665255566008153
574,0.8192197906755471,-0.406057722803679,0.7728195369489376,-0.27273496141241144,-0.406057722803679
575,0.8126579718936406,-0.3579415630371044,0.7628146800121322,-0.2384137094328177,-0.3579415630371044
576,0.8212560386473431,-0.3735532942748484,0.7725922499743036,-0.21992496659471683,-0.3735532942748484
577,0.8380161770966369,-0.3995423584504044,0.7889793529161345,-0.28696785866326097,-0.3995423584504044
578,0.8276799304196565,-0.34816264405305497,0.7824581430745814,-0.22684279191128504,-0.34816264405305497
579,0.8344246959775491,-0.4410300384575408,0.7812753352042408,-0.2987787132314728,-0.4410300384575408
580,0.8310989234206784,-0.33534938045906965,0.7902752386756043,-0.2591813934592728,-0.33534938045906965
581,0.8466353677621283,-0.43550860719874807,0.8049556598852374,-0.28467396974439224,-0.43550860719874807
582,0.8126747437092264,-0.3529408719063891,0.766925546235891,-0.2180231956094025,-0.3529408719063891
583,0.8074294532627866,-0.3371307319223986,0.757335758377425,-0.22483465608465608,-0.3371307319223986
584,0.8285001559089492,-0.4062623427918096,0.7824082735682361,-0.2639642448809895,-0.4062623427918096
585,0.8373837383738373,-0.426002600260026,0.7852435243524353,-0.30686568656865687,-0.426002600260026
586,0.8171190403578327,-0.3641455728372471,0.7754447494154723,-0.2662600386296635,-0.3641455728372471
587,0.8209357817200954,-0.39606805685237056,0.768814192343604,-0.2475619877580662,-0.39606805685237056
588,0.8000636739891754,-0.3747055078000637,0.752531041069723,-0.23132229650854294,-0.3747055078000637
589,0.8268213268213267,-0.42118437118437113,0.7842897842897842,-0.24238909238909237,-0.42118437118437113
590,0.8317887394120577,-0.3852665670154459,0.7796312904833084,-0.2667164922770304,-0.3852665670154459
591,0.8361635220125786,-0.39531970649895176,0.7830293501048218,-0.29894129979035633,-0.39531970649895176
592,0.8243456322926521,-0.4080889309366131,0.7795385262272679,-0.26393356459581624,-0.4080889309366131
593,0.8322628987368872,-0.45228002569043035,0.7799828730464567,-0.3075358595589809,-0.45228002569043035
594,0.8244949494949496,-0.3416929713804714,0.7782617845117845,-0.2518728956228956,-0.3416929713804714
595,0.8268385291766586,-0.39962030375699437,0.7791017186250999,-0.2661720623501199,-0.39962030375699437
596,0.8306726266496381,-0.4150862068965517,0.7862441464452958,-0.27954448701575135,-0.4150862068965517
597,0.8405420054200542,-0.4050785907859078,0.793289972899729,-0.2699457994579946,-0.4050785907859078
598,0.8243985225117301,-0.3838025356893281,0.7776030747728861,-0.26326245382849156,-0.3838025356893281
599,0.8338779956427015,-0.3834204793028322,0.7869880174291939,-0.31028322440087147,-0.3834204793028322
600,0.8318014705882353,-0.39787071078431374,0.782638888888889,-0.27651143790849675,-0.39787071078431374
601,0.8303273213092852,-0.4051491872634157,0.7760576708973502,-0.2720719216210198,-0.4051491872634157
602,0.8237547892720306,-0.3543905974940458,0.7747385316350834,-0.22588277933105522,-0.3543905974940458
603,0.8237956676365988,-0.393188921219959,0.7741189783381829,-0.28860868628084924,-0.393188921219959
604,0.8251483527726622,-0.3310773480662983,0.7705903417229384,-0.17186412932269285,-0.3310773480662983
605,0.8280220947524962,-0.3714255364350966,0.7840556617803273,-0.285951773953686,-0.3714255364350966
606,0.8186259224612826,-0.41883899802515334,0.7653726223885251,-0.25591934310362746,-0.41883899802515334
607,0.8298008991650611,-0.40417469492614,0.7818507814172554,-0.2553896381931064,-0.40417469492614
608,0.8331716779825412,-0.37536911305097526,0.786900528074146,-0.24794697704494018,-0.37536911305097526
609,0.8234732824427481,-0.3832326123833757,0.7780481340118744,-0.26853795589482615,-0.3832326123833757
610,0.8369475423378769,-0.3717678645187939,0.7868236266005784,-0.27039446509706727,-0.3717678645187939
611,0.8147071490094746,-0.41502476313522824,0.7686315676141257,-0.24024547803617569,-0.41502476313522824
612,0.818910757055087,-0.40119233572841817,0.7695043215661772,-0.25552431531812975,-0.40119233572841817
613,0.8162990576783681,-0.40595423009216114,0.7699078388733561,-0.2723723723723724,-0.40595423009216114
614,0.8212869777371149,-0.34283826369828196,0.7788502592253735,-0.2314069330080309,-0.34283826369828196
615,0.8186544342507645,-0.39214067278287457,0.7697859327217126,-0.25686034658511725,-0.39214067278287457
616,0.8240565043221589,-0.3793274298966898,0.7729970482816781,-0.2717847353995362,-0.3793274298966898
617,0.8152046783625732,-0.42219564061669324,0.7734768740031898,-0.2539925571504519,-0.42219564061669324
618,0.8230181170803225,-0.3231647292910252,0.7790920515237196,-0.20813174154361713,-0.3231647292910252
619,0.8104456543657995,-0.36841601129259927,0.7538465416414599,-0.2154617866505344,-0.36841601129259927
620,0.8342053965322662,-0.40056427618754487,0.790715091823125,-0.24801477377654665,-0.40056427618754487
621,0.8190446714123594,-0.36277726194160737,0.7703600536469617,-0.22804085422469822,-0.36277726194160737
622,0.8192758584915448,-0.35079883805373996,0.7821402635128125,-0.22068160597572364,-0.35079883805373996
623,0.8299920715822856,-0.4005323366179635,0.7793747876316683,-0.2649677200135916,-0.4005323366179635
624,0.8206206206206206,-0.39661661661661657,0.7786436436436437,-0.2518418418418419,-0.39661661661661657
625,0.8191000918273645,-0.386598306295276,0.7749770431588614,-0.2542393633302724,-0.386598306295276
626,0.8352670638653705,-0.34855231525033964,0.7900700324030522,-0.20767743284206125,-0.34855231525033964
627,0.817127472299886,-0.3756083669876773,0.7674847261054158,-0.26180490835663245,-0.3756083669876773
628,0.824893859376618,-0.3827948638293466,0.7717303510406958,-0.2703375789582686,-0.3827948638293466
629,0.8299276287782034,-0.38079501915708813,0.7788048105576842,-0.24206577266922094,-0.38079501915708813
630,0.8240400326797385,-0.43686172385620914,0.7751429738562091,-0.2743464052287582,-0.43686172385620914
631,0.8226475279106857,-0.41733120680489094,0.7820520999468368,-0.2537639553429027,-0.41733120680489094
632,0.8379109446525177,-0.4161724927174365,0.795682480233042,-0.26322305451518935,-0.4161724927174365
633,0.8108597285067873,-0.32862242332830566,0.7643790849673203,-0.2143086978381096,-0.32862242332830566
634,0.8320130002031282,-0.418499898435913,0.780596181190331,-0.2516453382084095,-0.418499898435913
635,0.8202387829770845,-0.3861159252840362,0.7686886192952052,-0.20130464086269978,-0.3861159252840362
636,0.8277278277278276,-0.4491896991896991,0.7809079809079809,-0.307087357087357,-0.4491896991896991
637,0.8319444444444445,-0.3621130952380952,0.7869196428571428,-0.22174603174603175,-0.3621130952380952
638,0.8183760683760684,-0.4245566239316239,0.7688835470085469,-0.28800747863247866,-0.4245566239316239
639,0.8258421317244846,-0.3880392156862745,0.7844142785319257,-0.25998491704374055,-0.3880392156862745
640,0.8314358001265022,-0.3712945393211048,0.7839605734767026,-0.25849146110056925,-0.3712945393211048
641,0.8357306649989577,-0.44177611006879297,0.7846153846153846,-0.27110173024807166,-0.44177611006879297
642,0.8248182762201454,-0.41703530633437175,0.7797507788161993,-0.24842679127725856,-0.41703530633437175
643,0.8150959308454564,-0.3853415559772296,0.7691861690912923,-0.25297280202403544,-0.3853415559772296
644,0.8368055555555555,-0.4831597222222222,0.7857323232323232,-0.3435395622895623,-0.4831597222222222
645,0.8156134571228911,-0.37748826994110013,0.7598183088749126,-0.2633223520015973,-0.37748826994110013
646,0.8316196793808734,-0.4029297954671089,0.7805970149253731,-0.297363184079602,-0.4029297954671089
647,0.8197394069970247,-0.36279368010669943,0.7715912588488766,-0.22658253821688726,-0.36279368010669943
648,0.823651237444341,-0.3718753235994615,0.7730143937040489,-0.22477995236615927,-0.3718753235994615
649,0.837906023336487,-0.45049931672448223,0.787354146956796,-0.2872385157153369,-0.45049931672448223
650,0.8264022179569205,-0.37488803582853486,0.7807368308807848,-0.2234378332267008,-0.37488803582853486
651,0.823133478305892,-0.34033861447654545,0.7728849539194367,-0.2280729004866936,-0.34033861447654545
652,0.831389400450174,-0.4139707386944956,0.7845917740945365,-0.27493349703294456,-0.4139707386944956
653,0.823076923076923,-0.4041452991452992,0.7745192307692307,-0.2650213675213675,-0.4041452991452992
654,0.8093841642228738,-0.3396763332247203,0.7684044748560878,-0.25545780384490063,-0.3396763332247203
655,0.8224420463629095,-0.3821342925659472,0.7738509192645883,-0.2740307753796962,-0.3821342925659472
656,0.8175771453494711,-0.38949405735470505,0.7663340966088757,-0.24700141751172175,-0.38949405735470505
657,0.840800477897252,-0.4077907208283552,0.797047988849064,-0.2454599761051374,-0.4077907208283552
658,0.8269028041324057,-0.3852255956145899,0.7803183639047017,-0.24817098882563782,-0.3852255956145899
659,0.8418027828191168,-0.4533323250655374,0.7892720306513409,-0.29306815890300464,-0.4533323250655374
660,0.8316933169331693,-0.3984983599835998,0.7803505535055352,-0.22699364493644938,-0.3984983599835998
661,0.829052080185353,-0.38474866525637147,0.7808602800443236,-0.2365619018837514,-0.38474866525637147
662,0.8061397917994476,-0.3460537497344381,0.7527990227321011,-0.24771085617165922,-0.3460537497344381
663,0.8337463857909955,-0.4342627013630731,0.7811648079306072,-0.27877942998760846,-0.4342627013630731
664,0.8352208958269565,-0.45365779002142637,0.7837618610345883,-0.2783287419651056,-0.45365779002142637
665,0.8166772085178158,-0.4146689858739195,0.7716635041113219,-0.31756272401433694,-0.4146689858739195
666,0.7987931751976696,-0.3535216396171453,0.7594257178526841,-0.23682896379525592,-0.3535216396171453
667,0.8225806451612904,-0.36243938435589285,0.773144634197765,-0.24149272612270714,-0.36243938435589285
668,0.8267944494359588,-0.3797194768892882,0.7847808725167216,-0.255780173704702,-0.3797194768892882
669,0.8269384492406074,-0.4097571942446043,0.7811800559552358,-0.27509992006394884,-0.4097571942446043
670,0.8218144750254841,-0.3382466870540265,0.7738226299694189,-0.23410295616717638,-0.3382466870540265
671,0.8327742197824539,-0.4270560130120972,0.7891684456643285,-0.2477889600487954,-0.4270560130120972
672,0.8284284284284285,-0.3998898898898898,0.7806356356356355,-0.2507357357357357,-0.3998898898898898
673,0.8380537400145243,-0.3990247951032264,0.792156862745098,-0.24751011515717403,-0.3990247951032264
674,0.8194315245478035,-0.3819896640826873,0.7696795865633075,-0.28258914728682166,-0.3819896640826873
675,0.8328082335643772,-0.3674438143247217,0.78708254568368,-0.26536967023734503,-0.3674438143247217
676,0.8104950074357341,-0.3673465052050138,0.7643562778840025,-0.2388676439345655,-0.3673465052050138
677,0.833846785787636,-0.39259088108441154,0.7910761963442186,-0.2732491271308277,-0.39259088108441154
678,0.824236817761332,-0.3661321821358824,0.7761897420084284,-0.2545996505293452,-0.3661321821358824
679,0.8339743589743589,-0.4190117521367522,0.7863835470085471,-0.2959775641025641,-0.4190117521367522
680,0.8242651657285803,-0.38299979153637687,0.7836720867208672,-0.2755993329164061,-0.38299979153637687
681,0.8324258923169995,-0.42919943537003424,0.7821234119782214,-0.29720709820528335,-0.42919943537003424
682,0.8416848220769789,-0.37485216308745717,0.7835045129162777,-0.25217864923747274,-0.37485216308745717
683,0.8283786632932743,-0.4322580645161291,0.7785157073582121,-0.3001844823951086,-0.4322580645161291
684,0.8306623931623932,-0.3687873931623932,0.7876121794871795,-0.23743589743589744,-0.3687873931623932
685,0.8324786324786325,-0.39574157868275506,0.7744796380090497,-0.21968828557063852,-0.39574157868275506
686,0.8280520008125127,-0.372953483648182,0.7821450335161485,-0.23635486491976435,-0.372953483648182
687,0.8243414017692232,-0.40490910858364926,0.778220083600661,-0.26129581024594145,-0.40490910858364926
688,0.8322756119673618,-0.40250831066787546,0.7788909035962526,-0.26093986098519195,-0.40250831066787546
689,0.8392821133293003,-0.38321738253680177,0.7919036095987093,-0.2687285743093366,-0.38321738253680177
690,0.8315250150693189,-0.3754420333534257,0.7782348804500702,-0.24781494876431584,-0.3754420333534257
691,0.8212821282128213,-0.3934093409340934,0.7789328932893289,-0.23432343234323436,-0.3934093409340934
692,0.8236266005782734,-0.35379491945477076,0.7737711689384552,-0.24816707971912433,-0.35379491945477076
693,0.8247422680412371,-0.3878527543475997,0.7784077892325315,-0.26190253045923145,-0.3878527543475997
694,0.8293431553100061,-0.40193370165745856,0.7838295477798239,-0.2487671373030489,-0.40193370165745856
695,0.8384215991692627,-0.41599169262720664,0.7949117341640706,-0.2667237798546209,-0.41599169262720664
696,0.8236397748592871,-0.42410360642067957,0.7745622263914946,-0.3134823848238482,-0.42410360642067957
697,0.8411058946270213,-0.43637976004173185,0.7865623369848722,-0.29839332290036513,-0.43637976004173185
698,0.8251953125,-0.3855848524305555,0.7755208333333333,-0.24991861979166669,-0.3855848524305555
699,0.8236215538847117,-0.387609649122807,0.7696532999164577,-0.2762426900584795,-0.387609649122807
700,0.8243456322926521,-0.41758120466729737,0.7719121202564911,-0.28978240302743613,-0.41758120466729737
701,0.8153067678684376,-0.3897006114273666,0.7709361163820366,-0.26168037107316044,-0.3897006114273666
702,0.8336466165413534,-0.3738930659983291,0.789264828738513,-0.2567878028404344,-0.3738930659983291
703,0.8328682170542635,-0.3907648578811369,0.7870387596899224,-0.25651679586563303,-0.3907648578811369
704,0.8219635736609548,-0.4303427093436793,0.7739034378704601,-0.3152979846966268,-0.4303427093436793
705,0.8204582319545822,-0.39206204379562043,0.7703872668288727,-0.2256133414436334,-0.39206204379562043
706,0.8196340107168133,-0.38719037508846427,0.7725861894651703,-0.24298857547265187,-0.38719037508846427
707,0.8181270701595904,-0.3744504667268895,0.7725183177757704,-0.25485295593696683,-0.3744504667268895
708,0.8144403594771241,-0.3315206290849673,0.762014910130719,-0.20284415849673204,-0.3315206290849673
709,0.8265107212475633,-0.39973838104032006,0.783471837488458,-0.28176874935877705,-0.39973838104032006
710,0.817940876656473,-0.34599898063200807,0.7635728848114168,-0.2260907237512742,-0.34599898063200807
711,0.8231725811343645,-0.33874229097159025,0.7715650591446769,-0.22684763926802143,-0.33874229097159025
712,0.8193899782135077,-0.34517973856209144,0.7736002178649238,-0.20380174291938996,-0.34517973856209144
713,0.8244842391873494,-0.377652110168604,0.7736516912765734,-0.23429154885328304,-0.377652110168604
714,0.8206393257272073,-0.4009918799465515,0.7723455648062494,-0.26759173604687014,-0.4009918799465515
715,0.836837765409194,-0.4331632653061224,0.7776850133992991,-0.2846011131725418,-0.4331632653061224
716,0.8325087610801896,-0.39301175015460726,0.7842300556586269,-0.23934755720470005,-0.39301175015460726
717,0.8345565749235474,-0.3919673802242609,0.7879765545361875,-0.2613557594291539,-0.3919673802242609
718,0.8248624862486248,-0.3768756875687569,0.7764741474147414,-0.2642464246424643,-0.3768756875687569
719,0.8213569695051177,-0.3873483169779466,0.77156273082199,-0.25082832119869153,-0.3873483169779466
720,0.8315889628924833,-0.40372660957817946,0.7796542974944497,-0.26473200126863305,-0.40372660957817946
721,0.8290518931187455,-0.3599711131744558,0.7768595893944082,-0.2186474775611266,-0.3599711131744558
722,0.8316872427983538,-0.4510648148148148,0.7763528806584361,-0.3293775720164609,-0.4510648148148148
723,0.8187805396218397,-0.35269279796048436,0.7774113023157,-0.23878266411727214,-0.35269279796048436
724,0.825,-0.4310648148148148,0.7770679012345679,-0.3053446502057613,-0.4310648148148148
725,0.8364258891097857,-0.39622266401590456,0.7826982549149547,-0.24772476253589573,-0.39622266401590456
726,0.8261594928261594,-0.40081192303414526,0.7823434545656768,-0.2853075297519742,-0.40081192303414526
727,0.8433962264150944,-0.4232651991614256,0.7942557651991614,-0.31639937106918237,-0.4232651991614256
728,0.81441850410722,-0.36986057068741895,0.7615164288802421,-0.25471789883268486,-0.36986057068741895
729,0.8333825410884755,-0.4079372109044386,0.7839828757012104,-0.21457041629760853,-0.4079372109044386
730,0.8246016153678235,-0.41736520410390743,0.7730953940187731,-0.25985592665356905,-0.41736520410390743
731,0.8239110287303059,-0.37865307383379665,0.774384718360622,-0.2434764699824941,-0.37865307383379665
732,0.8408382066276802,-0.4075925925925926,0.7835477582846003,-0.27065302144249503,-0.4075925925925926
733,0.8231046931407942,-0.38085639791415965,0.7789310068190934,-0.25242679502607296,-0.38085639791415965
734,0.825542315918118,-0.3689836032182503,0.7763061411549037,-0.22115795905896735,-0.3689836032182503
735,0.8310272536687631,-0.4158647798742138,0.7818815513626834,-0.2672851153039832,-0.4158647798742138
736,0.8237369021682747,-0.4000985579416952,0.7860825811806205,-0.2513227513227513,-0.4000985579416952
737,0.8389099326599326,-0.3877367424242424,0.7922611531986532,-0.23095538720538722,-0.3877367424242424
738,0.8296152602651148,-0.32526673132880696,0.7886140747925423,-0.20884793620002157,-0.32526673132880696
739,0.8193376068376068,-0.3221474358974359,0.7825320512820512,-0.1942948717948718,-0.3221474358974359
740,0.8443223443223443,-0.40046805046805045,0.797018722018722,-0.2588624338624339,-0.40046805046805045
741,0.8460128322639779,-0.429147571035747,0.8060902332213056,-0.25344230573378146,-0.429147571035747
742,0.8249690210656753,-0.3479450640231309,0.7790737298636926,-0.2543215613382899,-0.3479450640231309
743,0.8192883895131086,-0.33914898044111524,0.7737359550561798,-0.24559925093632953,-0.33914898044111524
744,0.830877839165132,-0.40666052793124613,0.7759566196030284,-0.2768569674647023,-0.40666052793124613
745,0.8249975042427872,-0.39144953578915836,0.771508435659379,-0.2376659678546471,-0.39144953578915836
746,0.8267784225231034,-0.3861648398882441,0.7760745755426607,-0.30730711369009245,-0.3861648398882441
747,0.8224420463629095,-0.3868804956035171,0.7743954836131096,-0.24565847322142287,-0.3868804956035171
748,0.8254702436016035,-0.42923219241443106,0.7829273306609107,-0.2788364682906774,-0.42923219241443106
749,0.8259789306300933,-0.37291790896442056,0.7860365732458755,-0.24288908765652947,-0.37291790896442056
750,0.8210612078623077,-0.3968683165291781,0.7800896221611162,-0.2669263672471739,-0.3968683165291781
751,0.8185475103283323,-0.35307675581648185,0.7668569254185692,-0.247499456403566,-0.35307675581648185
752,0.8308861814016453,-0.3747526814537124,0.7777361241278767,-0.24101322503384362,-0.3747526814537124
753,0.8374060150375939,-0.44773391812865493,0.7893692564745196,-0.29021512113617376,-0.44773391812865493
754,0.8259431524547803,-0.4019586563307493,0.7801033591731266,-0.2502015503875969,-0.4019586563307493
755,0.8421729347476695,-0.4203096539162113,0.7991106825243758,-0.2860977177756348,-0.4203096539162113
756,0.829059829059829,-0.39500407000407,0.784396621896622,-0.25337301587301586,-0.39500407000407
757,0.8279569892473118,-0.36406554019457243,0.7832718894009216,-0.21986687147977468,-0.36406554019457243
758,0.8290049903248803,-0.41799572257867396,0.7812964660352377,-0.26267440676239945,-0.41799572257867396
759,0.8222222222222223,-0.44296655879180147,0.7812891046386192,-0.29016181229773463,-0.44296655879180147
760,0.814881130010942,-0.36840246692529593,0.7645081070327265,-0.26259822938426336,-0.36840246692529593
761,0.8168589543706475,-0.3963101548695562,0.7743997505456812,-0.24326993036066935,-0.3963101548695562
762,0.8205374280230326,-0.3223181915120495,0.764400725101301,-0.2241362763915547,-0.3223181915120495
763,0.8243557245458386,-0.3734368398817068,0.7816381495564004,-0.22831115335868188,-0.3734368398817068
764,0.8369630973986691,-0.3968945351885461,0.7927505545472877,-0.25438092357330105,-0.3968945351885461
765,0.8200958932666249,-0.3995153220762977,0.7688868042526578,-0.274812382739212,-0.3995153220762977
766,0.8278985507246377,-0.4051378824476651,0.787595611916264,-0.2679800724637681,-0.4051378824476651
767,0.8371129750440095,-0.34443408926167546,0.7863311587449519,-0.2355389872631252,-0.34443408926167546
768,0.8368972746331237,-0.4216823899371069,0.7865356394129978,-0.2695754716981132,-0.4216823899371069
769,0.8244639376218323,-0.409756335282651,0.7750536062378168,-0.29557504873294344,-0.409756335282651
770,0.8186083657781771,-0.36591294798841967,0.7635719277228711,-0.23727662972945993,-0.36591294798841967
771,0.8192257217847768,-0.3847386264216973,0.7682906824146981,-0.28474956255468065,-0.3847386264216973
772,0.8387234496744583,-0.43363752801793143,0.7926726438253816,-0.2951062013021667,-0.43363752801793143
773,0.837954591119148,-0.3916817359855335,0.7912447257383965,-0.278400642957605,-0.3916817359855335
774,0.8245057617084258,-0.34087641399725127,0.782434718257744,-0.2082091130140607,-0.34087641399725127
775,0.8183307731694828,-0.39143881208397335,0.7750230414746544,-0.24904761904761907,-0.39143881208397335
776,0.8160850381066987,-0.33260629763337346,0.7695146409947854,-0.1933714400320899,-0.33260629763337346
777,0.8401855365802234,-0.40380560826481127,0.7908180476491671,-0.25568732869491884,-0.40380560826481127
778,0.824807211903986,-0.39629629629629626,0.7726240903660258,-0.2913761268599978,-0.39629629629629626
779,0.8418181818181818,-0.3669141414141414,0.7918383838383839,-0.23896464646464644,-0.3669141414141414
780,0.8349082220049961,-0.4329857716954491,0.7816932768545671,-0.2708917128271967,-0.4329857716954491
781,0.8251837647810801,-0.41617662725045274,0.7813039309683605,-0.290209864706509,-0.41617662725045274
782,0.8226437819933755,-0.35033624410318176,0.7800361336946703,-0.22650807989561378,-0.35033624410318176
783,0.8531973656256638,-0.41850966645421706,0.8006692160611855,-0.29225621414913955,-0.41850966645421706
784,0.8197954271961493,-0.3638588046530285,0.7665513437625352,-0.2470718010429202,-0.3638588046530285
785,0.8297178938792137,-0.3180008147469192,0.7835981260820858,-0.1973011508300234,-0.3180008147469192
786,0.8080713766988276,-0.3476138603589583,0.766018259155514,-0.2785091814503579,-0.3476138603589583
787,0.819419598489366,-0.3011727290797058,0.7731067382230172,-0.178776585171934,-0.3011727290797058
788,0.8071984632494187,-0.2832777272267718,0.7560004044080477,-0.21256698008290364,-0.2832777272267718
789,0.8280823356437723,-0.3948067632850241,0.7732986767485822,-0.24704893929846672,-0.3948067632850241
790,0.8178016726403824,-0.4273446833930705,0.7679311031461569,-0.2984169653524492,-0.4273446833930705
791,0.815028901734104,-0.3888621280239777,0.7714675658317276,-0.2800042817383857,-0.3888621280239777
792,0.8255685803025749,-0.34886784891293454,0.7774421400661256,-0.22204187957118526,-0.34886784891293454
793,0.8310185185185185,-0.35971170033670036,0.7863215488215489,-0.25752314814814814,-0.35971170033670036
794,0.818861788617886,-0.39444444444444443,0.7752466124661246,-0.27454200542005414,-0.39444444444444443
795,0.8262588431127756,-0.3728776529338327,0.7782511444028298,-0.22574906367041198,-0.3728776529338327
796,0.8102023957042545,-0.33955493597686903,0.7637546468401487,-0.24383519206939283,-0.33955493597686903
797,0.8393363894346212,-0.43997489631084913,0.7861929709670378,-0.315133158698974,-0.43997489631084913
798,0.83843954248366,-0.41454758986928103,0.7839665032679738,-0.24125816993464053,-0.41454758986928103
799,0.8181533646322378,-0.3656442357850809,0.7825821596244131,-0.24950443401147626,-0.3656442357850809
800,0.8394129979035638,-0.4136320754716981,0.7900052410901468,-0.28295073375262053,-0.4136320754716981
801,0.8298507462686567,-0.3821724709784411,0.7813930348258706,-0.24337755666113875,-0.3821724709784411
802,0.829835390946502,-0.40314814814814814,0.7793775720164609,-0.24573559670781894,-0.40314814814814814
803,0.8366525193165741,-0.458156491457177,0.7860594188703884,-0.2859288279464577,-0.458156491457177
804,0.815969039617069,-0.34676647316427334,0.7740095732763009,-0.2030960382931052,-0.34676647316427334
805,0.8274582560296846,-0.32981344052772626,0.7712997320140178,-0.24693877551020407,-0.32981344052772626
806,0.8233752620545074,-0.42271488469601676,0.7740775681341718,-0.2969234800838574,-0.42271488469601676
807,0.837029995775243,-0.40315272496831434,0.7877059569074778,-0.28535593578369245,-0.40315272496831434
808,0.8145315487571702,-0.4062938177182919,0.7676917357127682,-0.2919269173571276,-0.4062938177182919
809,0.8259187620889749,-0.3653556845046207,0.7716150870406189,-0.25450784440146146,-0.3653556845046207
810,0.8292222222222222,-0.38059999999999994,0.7766222222222222,-0.2455,-0.38059999999999994
811,0.8301725061609343,-0.45754312654023355,0.7809975356262723,-0.3030751098253509,-0.45754312654023355
812,0.8335402441547692,-0.3884905855576246,0.7897786054210635,-0.27279639975170705,-0.3884905855576246
813,0.8166666666666667,-0.3764517819706499,0.7714517819706498,-0.23940251572327043,-0.3764517819706499
814,0.8281522519749667,-0.34641941110085156,0.7852775212886016,-0.2224222837796245,-0.34641941110085156
815,0.8235054486200223,-0.3634840615133924,0.7736785823403605,-0.2610856502698849,-0.3634840615133924
816,0.8168487353606928,-0.409374077354591,0.7693288062198602,-0.2658104517271922,-0.409374077354591
817,0.8395061728395062,-0.3983628556092324,0.7858829844337091,-0.2550026838432635,-0.3983628556092324
818,0.8183154799411889,-0.3155692081495484,0.7719544213400547,-0.19919659735349715,-0.3155692081495484
819,0.8270042194092828,-0.39024010448061075,0.7829616234679525,-0.262959614225437,-0.39024010448061075
820,0.8265993265993266,-0.4048920578332343,0.775257476728065,-0.24885620915032683,-0.4048920578332343
821,0.8306974858069749,-0.42007806163828065,0.7732714922952149,-0.27657643957826433,-0.42007806163828065
822,0.836644591611479,-0.410054662041417,0.7856144223693892,-0.2825817302638495,-0.410054662041417
823,0.8231315147482813,-0.45367043690396985,0.7657518296739854,-0.2910789532047017,-0.45367043690396985
824,0.8222222222222223,-0.40478552971576226,0.7760775193798449,-0.2696330749354005,-0.40478552971576226
825,0.8310708898944192,-0.39067370537958773,0.7847209653092005,-0.2670990447461035,-0.39067370537958773
826,0.8379717478389206,-0.38480392156862747,0.7927050390048493,-0.24551971326164873,-0.38480392156862747
827,0.8279007790077901,-0.4085280852808528,0.7783005330053301,-0.27292947929479294,-0.4085280852808528
828,0.8285360569483131,-0.38344165892912413,0.7772619416073455,-0.2726297327968637,-0.38344165892912413
829,0.8303867995285545,-0.40374477659916425,0.7855566270223937,-0.2839654987678131,-0.40374477659916425
830,0.8328072390572391,-0.3490319865319865,0.7847958754208754,-0.21480955387205383,-0.3490319865319865
831,0.8288424664446463,-0.44211827631446154,0.7812190937531537,-0.2830860833585629,-0.44211827631446154
832,0.8182384064737005,-0.3819431476294221,0.7716671853926755,-0.1919234360410831,-0.3819431476294221
833,0.8127012882447665,-0.3453099838969404,0.7660628019323672,-0.20575181159420292,-0.3453099838969404
834,0.8284690220174091,-0.40543778801843317,0.7891602662570405,-0.29136712749615973,-0.40543778801843317
835,0.8354365445778188,-0.408187134502924,0.7883502616189596,-0.27197086282958854,-0.408187134502924
836,0.8177450679750587,-0.35162526832260044,0.7765511601758152,-0.20418583256669734,-0.35162526832260044
837,0.8390804597701149,-0.41687840290381123,0.7998185117967332,-0.30028735632183906,-0.41687840290381123
838,0.8212927756653993,-0.3610899873257288,0.778781157583439,-0.24234790874524717,-0.3610899873257288
839,0.8274607629144579,-0.4126494127429581,0.7810102899906455,-0.25824238644631536,-0.4126494127429581
840,0.8388940858538613,-0.4154038041783598,0.7882340713023593,-0.2476457748674774,-0.4154038041783598
841,0.8306878306878306,-0.41494179894179894,0.7850370370370371,-0.3159312169312169,-0.41494179894179894
842,0.8223663886314488,-0.34820821748532593,0.7736278447121819,-0.20850066934404285,-0.34820821748532593
843,0.8261354420113545,-0.4058039334955393,0.775765409570154,-0.27365673154906733,-0.4058039334955393
844,0.8248019500304692,-0.36157830591102985,0.7761629087954499,-0.24806012593946783,-0.36157830591102985
845,0.8252764612954185,-0.38066877303844127,0.773417588204318,-0.20659294365455502,-0.38066877303844127
846,0.818638697694745,-0.39233038348082594,0.7715557740631487,-0.2668196219818639,-0.39233038348082594
847,0.832755177126038,-0.4222117102911805,0.7764217386733943,-0.25084621044885946,-0.4222117102911805
848,0.8210612078623079,-0.33307363275282614,0.7729402179448008,-0.22727874528974437,-0.33307363275282614
849,0.8159722222222222,-0.3820338804713804,0.7763099747474748,-0.23002946127946128,-0.3820338804713804
850,0.8395865633074934,-0.3994728682170542,0.7898294573643411,-0.26996899224806203,-0.3994728682170542
851,0.82687338501292,-0.4172558139534883,0.7830180878552971,-0.27498708010335915,-0.4172558139534883
852,0.8121451743714517,-0.3001520681265206,0.7691098945660989,-0.19540754257907544,-0.3001520681265206
853,0.8295526149968494,-0.4254095778197858,0.786914513757614,-0.2780035706784289,-0.4254095778197858
854,0.8287593791756603,-0.4583718778908418,0.7914533867817864,-0.303643745503135,-0.4583718778908418
855,0.8188160459628603,-0.3830255463219452,0.7788601621011593,-0.2424335693033754,-0.3830255463219452
856,0.8321033210332104,-0.35393091430914303,0.7807656826568266,-0.24608958589585897,-0.35393091430914303
857,0.8038863976083707,-0.3673741903338316,0.7561684105630294,-0.23007972097658197,-0.3673741903338316
858,0.8298807281858128,-0.387220129734254,0.7776417660598453,-0.2531021134128479,-0.387220129734254
859,0.8269293924466338,-0.38345374931581827,0.781455938697318,-0.28472906403940884,-0.38345374931581827
860,0.8074489054881212,-0.35980392156862745,0.7639329805996473,-0.25645295155099074,-0.35980392156862745
861,0.8062678062678063,-0.3285849952516619,0.753840877914952,-0.21356969505117657,-0.3285849952516619
862,0.8243897306397306,-0.41247369528619526,0.7841487794612795,-0.2866161616161616,-0.41247369528619526
863,0.8341171859690378,-0.3941260043111895,0.7842053693905546,-0.227816970409563,-0.3941260043111895
864,0.8193810248604768,-0.43073566717402334,0.7726534753932014,-0.28747843734145107,-0.43073566717402334
865,0.8346228239845261,-0.3933053943692242,0.7873038899634645,-0.2448581560283688,-0.3933053943692242
866,0.8232026143790849,-0.3269662309368192,0.772516339869281,-0.24058823529411766,-0.3269662309368192
867,0.8339506172839506,-0.3930812757201646,0.7854526748971193,-0.24881172839506174,-0.3930812757201646
868,0.8066298342541437,-0.43927255985267033,0.7632647841211377,-0.2472171066093718,-0.43927255985267033
869,0.8464022605711979,-0.4283479664951054,0.7920728630537894,-0.27510848723382786,-0.4283479664951054
870,0.8259705488621151,-0.35059125390450696,0.7759538152610441,-0.23641789379741188,-0.35059125390450696
871,0.8232905982905983,-0.3277564102564103,0.7845673076923078,-0.2322275641025641,-0.3277564102564103
872,0.8153226684078789,-0.3948906301012079,0.7700076178038959,-0.27153661987158556,-0.3948906301012079
873,0.8305611000221779,-0.4060933688179197,0.7847139055222887,-0.3126746506986028,-0.4060933688179197
874,0.8294738980296567,-0.361837294332724,0.7813325208206379,-0.22932663010359536,-0.361837294332724
875,0.8343234323432343,-0.3943949394939494,0.7896149614961495,-0.27065456545654565,-0.3943949394939494
876,0.8334907145105445,-0.3899538348546847,0.7884901899066206,-0.2427132514951212,-0.3899538348546847
877,0.8348404531753455,-0.42953435193846795,0.7894709489658039,-0.2646554412223262,-0.42953435193846795
878,0.825082508250825,-0.43229372937293725,0.7754125412541255,-0.28838833883388343,-0.43229372937293725
879,0.8095679012345679,-0.292880658436214,0.76363683127572,-0.21382716049382716,-0.292880658436214
880,0.8233823382338233,-0.35456045604560454,0.7768876887688769,-0.22260226022602259,-0.35456045604560454
881,0.8307645814445451,-0.3954215775158658,0.784028407373829,-0.2508260300191397,-0.3954215775158658
882,0.8398753894080998,-0.3922170301142263,0.8005295950155763,-0.23267912772585672,-0.3922170301142263
883,0.8315680166147457,-0.4061889927310488,0.7828193146417445,-0.24389927310488058,-0.4061889927310488
884,0.8353376503237743,-0.3929386370644465,0.780671189228081,-0.2672885188611368,-0.3929386370644465
885,0.8343116053959427,-0.3937184635979816,0.7917413242714447,-0.2478014622592936,-0.3937184635979816
886,0.8265758795006706,-0.3747652945424533,0.7757711750747962,-0.25241927163932737,-0.3747652945424533
887,0.8225932435071275,-0.3217096270259715,0.7705184534270649,-0.22220269478617458,-0.3217096270259715
888,0.8422139611730689,-0.3817482445270549,0.793184634448575,-0.2096654275092937,-0.3817482445270549
889,0.827089947089947,-0.3659100529100529,0.7771534391534392,-0.24204761904761904,-0.3659100529100529
890,0.8237065720124772,-0.37398085403893727,0.7758631816715069,-0.2505055394213187,-0.37398085403893727
891,0.8361340258682146,-0.44405743965780625,0.7918423464711275,-0.29810571341277114,-0.44405743965780625
892,0.8128313318186735,-0.3294439034945364,0.7698907281185763,-0.1955588012550038,-0.3294439034945364
893,0.8031836390470166,-0.3548387096774194,0.7628083491461101,-0.2608897322369808,-0.3548387096774194
894,0.8244170096021948,-0.3822201118497415,0.7725071225071225,-0.2886409201224016,-0.3822201118497415
895,0.8223031774944344,-0.38263509411050395,0.7740386561424812,-0.23316636308439592,-0.38263509411050395
896,0.8092437841741463,-0.36024966470648917,0.7665428659857629,-0.22905705148044983,-0.36024966470648917
897,0.8172111216830532,-0.4128501955809282,0.7710751665080876,-0.27882968601332064,-0.4128501955809282
898,0.8268482490272373,-0.3530533938607868,0.7790801988759186,-0.22371379161262428,-0.3530533938607868
899,0.8363168724279835,-0.39926440329218105,0.7896862139917695,-0.2563888888888889,-0.39926440329218105
900,0.839836860670194,-0.39948192239858904,0.7944389329805996,-0.262907848324515,-0.39948192239858904
901,0.8285002491280519,-0.39991031390134524,0.7827254608868958,-0.2655007473841554,-0.39991031390134524
902,0.8314902580305423,-0.4417851500789889,0.7832701421800948,-0.27166403370194836,-0.4417851500789889
903,0.821190042501518,-0.3892531876138433,0.761384335154827,-0.22212102813195708,-0.3892531876138433
904,0.820335429769392,-0.35984276729559744,0.7736373165618449,-0.25486897274633125,-0.35984276729559744
905,0.8327316486161251,-0.41314681107099877,0.788758523866827,-0.27711592458884876,-0.41314681107099877
906,0.8263254113345521,-0.3436725573837091,0.7814543977249644,-0.20250355474304285,-0.3436725573837091
907,0.8131014873140857,-0.4108048993875765,0.7677712160979877,-0.28589238845144355,-0.4108048993875765
908,0.8286824082592252,-0.3724726566492896,0.7805478891955433,-0.23338444240008174,-0.3724726566492896
909,0.8320488118175979,-0.3845536287732819,0.7805769642474846,-0.24776279169342755,-0.3845536287732819
910,0.8312060947857921,-0.38905214207974664,0.782091619669536,-0.26757197981596914,-0.38905214207974664
911,0.84191771946874,-0.43938559550804446,0.7933862433862433,-0.2859086491739553,-0.43938559550804446
912,0.8302041653842208,-0.3947727505899251,0.7848261003385657,-0.230250333435929,-0.3947727505899251
913,0.8363058630586305,-0.3819905699056991,0.77619926199262,-0.24016502665026646,-0.3819905699056991
914,0.8234222650808958,-0.35781099324975896,0.7798778527804564,-0.23546555234115504,-0.35781099324975896
915,0.8334412081984897,-0.39050701186623515,0.7807551240560948,-0.23449838187702265,-0.39050701186623515
916,0.8170731707317073,-0.399961285327139,0.7668989547038326,-0.2623015873015873,-0.399961285327139
917,0.8206840720501922,-0.3842086622141267,0.7713671321594819,-0.2526361060514066,-0.3842086622141267
918,0.8402437697246709,-0.3921699858526499,0.7897050821634563,-0.253281096963761,-0.3921699858526499
919,0.8262552194724513,-0.40281596903961703,0.7823607291984926,-0.2671249618087382,-0.40281596903961703
920,0.8181818181818182,-0.35812719027004736,0.7706039991754278,-0.23104514533085962,-0.35812719027004736
921,0.8366206443129519,-0.3803199649353495,0.7807582730659653,-0.2682007451238221,-0.3803199649353495
922,0.8275826658451427,-0.354128157732594,0.7811254877798315,-0.2529728897104128,-0.354128157732594
923,0.8401278976818545,-0.3466276978417266,0.7937749800159871,-0.20275279776179056,-0.3466276978417266
924,0.8188608776844071,-0.3734671646436352,0.7748884739080818,-0.2735605353252412,-0.3734671646436352
925,0.8262588431127756,-0.444470453599667,0.779978152309613,-0.2725915522263837,-0.444470453599667
926,0.8182752595333539,-0.34073388837496144,0.7673656079761538,-0.25451742213999384,-0.34073388837496144
927,0.8315446127946128,-0.3856165824915825,0.7884680134680135,-0.24903198653198652,-0.3856165824915825
928,0.8281666134015128,-0.39124320869287305,0.7776286353467561,-0.2596622989240439,-0.39124320869287305
929,0.8338001867413632,-0.38306359580869387,0.7846301483556386,-0.25439360929557003,-0.38306359580869387
930,0.8176139272913466,-0.3544239631336405,0.7732309267793138,-0.2124014336917563,-0.3544239631336405
931,0.8303571428571429,-0.442390873015873,0.7853174603174603,-0.2762748015873016,-0.442390873015873
932,0.8197844263120782,-0.36781001309559785,0.7690339478190793,-0.22963130855243274,-0.36781001309559785
933,0.8211822137323569,-0.36613074392444017,0.7717340549718772,-0.26667197283243127,-0.36613074392444017
934,0.8288610614192009,-0.3493341284038958,0.7747515404492149,-0.24676505664877757,-0.3493341284038958
935,0.822651538382909,-0.3710262700603087,0.7801901257283042,-0.26463252581007873,-0.3710262700603087
936,0.8148526077097504,-0.3464399092970521,0.7668424036281178,-0.24048185941043088,-0.3464399092970521
937,0.825149051490515,-0.3926504065040651,0.7829810298102979,-0.2680379403794038,-0.3926504065040651
938,0.8212650853100291,-0.3457292967124428,0.782521847690387,-0.2533655846858094,-0.3457292967124428
939,0.8308913308913308,-0.41927146927146924,0.7803367928367928,-0.29780728530728534,-0.41927146927146924
940,0.8265558523795389,-0.3814237657069358,0.7754229741763135,-0.2598347679825863,-0.3814237657069358
941,0.8192460317460317,-0.37066468253968254,0.7760962301587301,-0.2784424603174603,-0.37066468253968254
942,0.8215488215488215,-0.3367921640648913,0.7648403224160799,-0.22836445260687685,-0.3367921640648913
943,0.823561170499946,-0.3498866213151927,0.7730320699708454,-0.22755102040816327,-0.3498866213151927
944,0.8386732388580816,-0.4284041897720271,0.7858954610803038,-0.2931094680632573,-0.4284041897720271
945,0.8385331143951833,-0.44602627257799676,0.7835413245758074,-0.2682430213464696,-0.44602627257799676
946,0.8248366013071895,-0.41564814814814816,0.7753431372549019,-0.30203159041394334,-0.41564814814814816
947,0.8301428137344273,-0.3314088929403423,0.7845234477868935,-0.23053276612984908,-0.3314088929403423
948,0.8256890611541774,-0.39602713178294574,0.7796834625322997,-0.2821543927648579,-0.39602713178294574
949,0.8323341326938449,-0.34923561151079136,0.7824890087929656,-0.23090027977617905,-0.34923561151079136
950,0.8270814272644098,-0.3980278540205347,0.7776252922639015,-0.26028260648571716,-0.3980278540205347
951,0.8350758507585075,-0.4238981139811398,0.7825594505945059,-0.2816676916769168,-0.4238981139811398
952,0.826781719399169,-0.36449344838606584,0.7764621284755512,-0.2576755086822201,-0.36449344838606584
953,0.8133415561722684,-0.3442799876657416,0.7663840065782711,-0.24393565628533254,-0.3442799876657416
954,0.8397671568627452,-0.4116319444444444,0.7861060049019608,-0.30057189542483664,-0.4116319444444444
955,0.8296576349506407,-0.39094727998319684,0.7806763285024154,-0.26347931106910316,-0.39094727998319684
956,0.8334904178448004,-0.42760498481516385,0.7922452612839042,-0.279558068907739,-0.42760498481516385
957,0.8253812636165576,-0.36385076252723314,0.7826307189542483,-0.22479847494553376,-0.36385076252723314
958,0.8232127476313522,-0.3918712316968131,0.7771856158484065,-0.2677110249784668,-0.3918712316968131
959,0.8234823482348235,-0.33488348834883486,0.766886688668867,-0.2533203320332033,-0.33488348834883486
960,0.8384219913964956,-0.42314552512852793,0.7850697723218969,-0.2926555450634771,-0.42314552512852793
961,0.8256410256410256,-0.4610470085470085,0.7683814102564103,-0.33126602564102564,-0.4610470085470085
962,0.8280290340591847,-0.34438302624232264,0.7784087102177555,-0.23355667225013962,-0.34438302624232264
963,0.8149910138492441,-0.3670525425520668,0.7673221270747436,-0.30768051591077283,-0.3670525425520668
964,0.8178245166772892,-0.4075632037391119,0.7714733375823242,-0.26086679413639263,-0.4075632037391119
965,0.8175817581758175,-0.38751375137513744,0.7795779577957795,-0.2402990299029903,-0.38751375137513744
966,0.8294328484081804,-0.4749736453721273,0.77668669618385,-0.32793590554501373,-0.4749736453721273
967,0.821491914449661,-0.38410015649452267,0.777470005216484,-0.2565310380803339,-0.38410015649452267
968,0.827277514481306,-0.38433385992627694,0.7817324907846235,-0.24885729331226966,-0.38433385992627694
969,0.8427318295739349,-0.400344611528822,0.7969924812030075,-0.26521512113617374,-0.400344611528822
970,0.8203442879499219,-0.33212310902451747,0.7703755868544602,-0.2229733959311424,-0.33212310902451747
971,0.8332822242665848,-0.35637841153020544,0.7859092302974547,-0.2274455688439129,-0.35637841153020544
972,0.8347817090833849,-0.387238775087937,0.7853920960066212,-0.28513863025036207,-0.387238775087937
973,0.8264204258754668,-0.4032394792612776,0.7870723584620042,-0.24874356645473814,-0.4032394792612776
974,0.830571489271298,-0.4122158487359252,0.7756692160611853,-0.29399298916507327,-0.4122158487359252
975,0.8138050416531428,-0.3420750838472358,0.7627015038407444,-0.21857081034296222,-0.3420750838472358
976,0.8343042071197411,-0.435722761596548,0.7831877022653723,-0.3035329018338727,-0.435722761596548
977,0.8116596751640314,-0.36313864687533604,0.7649940841131547,-0.22458857696030976,-0.36313864687533604
978,0.8231725811343645,-0.347381457891012,0.7709129511677283,-0.2242695379638055,-0.347381457891012
979,0.8273679842307293,-0.44317356572258537,0.7767455130200228,-0.30650482415188296,-0.44317356572258537
980,0.826171875,-0.3695638020833333,0.7739908854166666,-0.26578233506944443,-0.3695638020833333
981,0.8289257892578926,-0.29628433784337843,0.7825235752357523,-0.1954130791307913,-0.29628433784337843
982,0.829798459428089,-0.393056874538356,0.7778885723330167,-0.255613590798776,-0.393056874538356
983,0.8405291005291006,-0.42437566137566135,0.7866772486772488,-0.2516825396825397,-0.42437566137566135
984,0.8221373235699883,-0.4278679825957763,0.769569139339913,-0.2942162793165659,-0.4278679825957763
985,0.8358958589585895,-0.4358138581385813,0.7854243542435425,-0.2782134071340714,-0.4358138581385813
986,0.8353033884948778,-0.42188238770685577,0.7909869976359338,-0.2784278959810874,-0.42188238770685577
987,0.8265455304928988,-0.38523391812865493,0.7785975355054302,-0.24394319131161235,-0.38523391812865493
988,0.8283302063789869,-0.40019804044194285,0.7851834479883261,-0.2647175317907025,-0.40019804044194285
989,0.8309178743961354,-0.39705419029615624,0.7898655744591472,-0.2672022684310019,-0.39705419029615624
990,0.8415368639667705,-0.37569055036344756,0.787398753894081,-0.2519003115264798,-0.37569055036344756
991,0.8216020671834625,-0.3513074935400517,0.7761808785529716,-0.2015245478036176,-0.3513074935400517
992,0.8371129750440095,-0.38357668012840423,0.7895412654033342,-0.23045459252355804,-0.38357668012840423
993,0.82980836063946,-0.4089266209909641,0.7815609174858505,-0.2545923940025817,-0.4089266209909641
994,0.830622009569378,-0.3800744284954811,0.7846996278575226,-0.2223285486443381,-0.3800744284954811
995,0.8126696832579186,-0.3486375062845651,0.7731020613373555,-0.220517848164907,-0.3486375062845651
996,0.814850948509485,-0.3541192411924119,0.7651544715447154,-0.23051490514905149,-0.3541192411924119
997,0.8305721228186437,-0.4092279655400927,0.7782803180914514,-0.2974044621161917,-0.4092279655400927
998,0.8284297876926393,-0.3968100010777023,0.7772604806552431,-0.26986744261235046,-0.3968100010777023
999,0.8190739037105181,-0.3672850863743227,0.771803127874885,-0.24100480425227436,-0.3672850863743227
1000,0.8169099756690997,-0.37012875101378756,0.7670519059205191,-0.25707116788321166,-0.37012875101378756
